index,worker,order_in_worker,source,c3,d4,run_name,target_events,seed,status,event_count,cross_section_pb,lhe_file,log_file,updated_at,error
1,1,1,refinement_36,-10.5,-50.0,run_gg_4h_5_-10.5_-50.0,40000,851125212,complete,40000,0.00028816,/home/apapaefs/Projects/QuadrupleHiggsAnalysis/MG5_aMC_v3_5_15/gg_4h_c3d4/Events/run_gg_4h_5_-10.5_-50.0/unweighted_events.lhe.gz,/home/apapaefs/Projects/QuadrupleHiggsAnalysis/MadGraphCards/c3d4_refinement_40k/logs/worker_01/run_gg_4h_5_-10.5_-50.0.log,2026-07-26T22:45:44+00:00,
2,2,1,refinement_36,-10.5,50.0,run_gg_4h_5_-10.5_50.0,40000,131577902,complete,40000,0.00264936,/home/apapaefs/Projects/QuadrupleHiggsAnalysis/MG5_aMC_v3_5_15/gg_4h_c3d4/Events/run_gg_4h_5_-10.5_50.0/unweighted_events.lhe.gz,/home/apapaefs/Projects/QuadrupleHiggsAnalysis/MadGraphCards/c3d4_refinement_40k/logs/worker_02/run_gg_4h_5_-10.5_50.0.log,2026-07-26T22:45:45+00:00,
3,3,1,refinement_36,-7.5,-150.0,run_gg_4h_5_-7.5_-150.0,40000,284153160,complete,40000,0.00148794,/home/apapaefs/Projects/QuadrupleHiggsAnalysis/MG5_aMC_v3_5_15/gg_4h_c3d4/Events/run_gg_4h_5_-7.5_-150.0/unweighted_events.lhe.gz,/home/apapaefs/Projects/QuadrupleHiggsAnalysis/MadGraphCards/c3d4_refinement_40k/logs/worker_03/run_gg_4h_5_-7.5_-150.0.log,2026-07-26T22:45:45+00:00,
4,4,1,refinement_36,-7.5,-50.0,run_gg_4h_5_-7.5_-50.0,40000,338432600,complete,40000,9.8406e-05,/home/apapaefs/Projects/QuadrupleHiggsAnalysis/MG5_aMC_v3_5_15/gg_4h_c3d4/Events/run_gg_4h_5_-7.5_-50.0/unweighted_events.lhe.gz,/home/apapaefs/Projects/QuadrupleHiggsAnalysis/MadGraphCards/c3d4_refinement_40k/logs/worker_04/run_gg_4h_5_-7.5_-50.0.log,2026-07-26T22:45:45+00:00,
5,5,1,refinement_36,-7.5,50.0,run_gg_4h_5_-7.5_50.0,40000,36892471,complete,40000,0.00073499,/home/apapaefs/Projects/QuadrupleHiggsAnalysis/MG5_aMC_v3_5_15/gg_4h_c3d4/Events/run_gg_4h_5_-7.5_50.0/unweighted_events.lhe.gz,/home/apapaefs/Projects/QuadrupleHiggsAnalysis/MadGraphCards/c3d4_refinement_40k/logs/worker_05/run_gg_4h_5_-7.5_50.0.log,2026-07-26T22:45:46+00:00,
6,6,1,refinement_36,-4.5,-150.0,run_gg_4h_5_-4.5_-150.0,40000,708616138,complete,40000,0.00076398,/home/apapaefs/Projects/QuadrupleHiggsAnalysis/MG5_aMC_v3_5_15/gg_4h_c3d4/Events/run_gg_4h_5_-4.5_-150.0/unweighted_events.lhe.gz,/home/apapaefs/Projects/QuadrupleHiggsAnalysis/MadGraphCards/c3d4_refinement_40k/logs/worker_06/run_gg_4h_5_-4.5_-150.0.log,2026-07-26T22:45:46+00:00,
7,7,1,refinement_36,-4.5,50.0,run_gg_4h_5_-4.5_50.0,40000,233534837,complete,40000,0.000152746,/home/apapaefs/Projects/QuadrupleHiggsAnalysis/MG5_aMC_v3_5_15/gg_4h_c3d4/Events/run_gg_4h_5_-4.5_50.0/unweighted_events.lhe.gz,/home/apapaefs/Projects/QuadrupleHiggsAnalysis/MadGraphCards/c3d4_refinement_40k/logs/worker_07/run_gg_4h_5_-4.5_50.0.log,2026-07-26T22:45:46+00:00,
8,8,1,refinement_36,-4.5,150.0,run_gg_4h_5_-4.5_150.0,40000,665013912,complete,40000,0.0010138,/home/apapaefs/Projects/QuadrupleHiggsAnalysis/MG5_aMC_v3_5_15/gg_4h_c3d4/Events/run_gg_4h_5_-4.5_150.0/unweighted_events.lhe.gz,/home/apapaefs/Projects/QuadrupleHiggsAnalysis/MadGraphCards/c3d4_refinement_40k/logs/worker_08/run_gg_4h_5_-4.5_150.0.log,2026-07-26T22:45:47+00:00,
9,9,1,refinement_36,-1.5,-250.0,run_gg_4h_5_-1.5_-250.0,40000,564259400,complete,40000,0.00053833,/home/apapaefs/Projects/QuadrupleHiggsAnalysis/MG5_aMC_v3_5_15/gg_4h_c3d4/Events/run_gg_4h_5_-1.5_-250.0/unweighted_events.lhe.gz,/home/apapaefs/Projects/QuadrupleHiggsAnalysis/MadGraphCards/c3d4_refinement_40k/logs/worker_09/run_gg_4h_5_-1.5_-250.0.log,2026-07-26T22:45:47+00:00,
10,10,1,refinement_36,-1.5,-150.0,run_gg_4h_5_-1.5_-150.0,40000,23804151,complete,40000,0.000195411,/home/apapaefs/Projects/QuadrupleHiggsAnalysis/MG5_aMC_v3_5_15/gg_4h_c3d4/Events/run_gg_4h_5_-1.5_-150.0/unweighted_events.lhe.gz,/home/apapaefs/Projects/QuadrupleHiggsAnalysis/MadGraphCards/c3d4_refinement_40k/logs/worker_10/run_gg_4h_5_-1.5_-150.0.log,2026-07-26T22:45:47+00:00,
11,11,1,refinement_36,-1.5,150.0,run_gg_4h_5_-1.5_150.0,40000,416630201,complete,40000,0.000186214,/home/apapaefs/Projects/QuadrupleHiggsAnalysis/MG5_aMC_v3_5_15/gg_4h_c3d4/Events/run_gg_4h_5_-1.5_150.0/unweighted_events.lhe.gz,/home/apapaefs/Projects/QuadrupleHiggsAnalysis/MadGraphCards/c3d4_refinement_40k/logs/worker_11/run_gg_4h_5_-1.5_150.0.log,2026-07-26T22:45:48+00:00,
12,1,2,refinement_36,-1.5,250.0,run_gg_4h_5_-1.5_250.0,40000,25879033,complete,40000,0.00052294,/home/apapaefs/Projects/QuadrupleHiggsAnalysis/MG5_aMC_v3_5_15/gg_4h_c3d4/Events/run_gg_4h_5_-1.5_250.0/unweighted_events.lhe.gz,/home/apapaefs/Projects/QuadrupleHiggsAnalysis/MadGraphCards/c3d4_refinement_40k/logs/worker_01/run_gg_4h_5_-1.5_250.0.log,2026-07-26T22:45:48+00:00,
13,2,2,refinement_36,1.5,-250.0,run_gg_4h_5_1.5_-250.0,40000,704930491,complete,40000,0.00062411,/home/apapaefs/Projects/QuadrupleHiggsAnalysis/MG5_aMC_v3_5_15/gg_4h_c3d4/Events/run_gg_4h_5_1.5_-250.0/unweighted_events.lhe.gz,/home/apapaefs/Projects/QuadrupleHiggsAnalysis/MadGraphCards/c3d4_refinement_40k/logs/worker_02/run_gg_4h_5_1.5_-250.0.log,2026-07-26T22:45:48+00:00,
14,3,2,refinement_36,1.5,-150.0,run_gg_4h_5_1.5_-150.0,40000,399834556,complete,40000,0.000230662,/home/apapaefs/Projects/QuadrupleHiggsAnalysis/MG5_aMC_v3_5_15/gg_4h_c3d4/Events/run_gg_4h_5_1.5_-150.0/unweighted_events.lhe.gz,/home/apapaefs/Projects/QuadrupleHiggsAnalysis/MadGraphCards/c3d4_refinement_40k/logs/worker_03/run_gg_4h_5_1.5_-150.0.log,2026-07-26T22:45:49+00:00,
15,4,2,refinement_36,1.5,150.0,run_gg_4h_5_1.5_150.0,40000,305278584,complete,40000,0.000201304,/home/apapaefs/Projects/QuadrupleHiggsAnalysis/MG5_aMC_v3_5_15/gg_4h_c3d4/Events/run_gg_4h_5_1.5_150.0/unweighted_events.lhe.gz,/home/apapaefs/Projects/QuadrupleHiggsAnalysis/MadGraphCards/c3d4_refinement_40k/logs/worker_04/run_gg_4h_5_1.5_150.0.log,2026-07-26T22:45:49+00:00,
16,5,2,refinement_36,1.5,250.0,run_gg_4h_5_1.5_250.0,40000,209568557,complete,40000,0.00057502,/home/apapaefs/Projects/QuadrupleHiggsAnalysis/MG5_aMC_v3_5_15/gg_4h_c3d4/Events/run_gg_4h_5_1.5_250.0/unweighted_events.lhe.gz,/home/apapaefs/Projects/QuadrupleHiggsAnalysis/MadGraphCards/c3d4_refinement_40k/logs/worker_05/run_gg_4h_5_1.5_250.0.log,2026-07-26T22:45:49+00:00,
17,6,2,refinement_36,4.5,-150.0,run_gg_4h_5_4.5_-150.0,40000,675819458,complete,40000,0.0009745,/home/apapaefs/Projects/QuadrupleHiggsAnalysis/MG5_aMC_v3_5_15/gg_4h_c3d4/Events/run_gg_4h_5_4.5_-150.0/unweighted_events.lhe.gz,/home/apapaefs/Projects/QuadrupleHiggsAnalysis/MadGraphCards/c3d4_refinement_40k/logs/worker_06/run_gg_4h_5_4.5_-150.0.log,2026-07-26T22:45:50+00:00,
18,7,2,refinement_36,4.5,-50.0,run_gg_4h_5_4.5_-50.0,40000,138878055,complete,40000,0.000118112,/home/apapaefs/Projects/QuadrupleHiggsAnalysis/MG5_aMC_v3_5_15/gg_4h_c3d4/Events/run_gg_4h_5_4.5_-50.0/unweighted_events.lhe.gz,/home/apapaefs/Projects/QuadrupleHiggsAnalysis/MadGraphCards/c3d4_refinement_40k/logs/worker_07/run_gg_4h_5_4.5_-50.0.log,2026-07-26T22:45:50+00:00,
19,8,2,refinement_36,4.5,50.0,run_gg_4h_5_4.5_50.0,40000,741632289,complete,40000,0.000106678,/home/apapaefs/Projects/QuadrupleHiggsAnalysis/MG5_aMC_v3_5_15/gg_4h_c3d4/Events/run_gg_4h_5_4.5_50.0/unweighted_events.lhe.gz,/home/apapaefs/Projects/QuadrupleHiggsAnalysis/MadGraphCards/c3d4_refinement_40k/logs/worker_08/run_gg_4h_5_4.5_50.0.log,2026-07-26T22:45:50+00:00,
20,9,2,refinement_36,4.5,150.0,run_gg_4h_5_4.5_150.0,40000,430632998,complete,40000,0.00094075,/home/apapaefs/Projects/QuadrupleHiggsAnalysis/MG5_aMC_v3_5_15/gg_4h_c3d4/Events/run_gg_4h_5_4.5_150.0/unweighted_events.lhe.gz,/home/apapaefs/Projects/QuadrupleHiggsAnalysis/MadGraphCards/c3d4_refinement_40k/logs/worker_09/run_gg_4h_5_4.5_150.0.log,2026-07-26T22:45:51+00:00,
21,10,2,refinement_36,7.5,-50.0,run_gg_4h_5_7.5_-50.0,40000,132461418,complete,40000,0.000215079,/home/apapaefs/Projects/QuadrupleHiggsAnalysis/MG5_aMC_v3_5_15/gg_4h_c3d4/Events/run_gg_4h_5_7.5_-50.0/unweighted_events.lhe.gz,/home/apapaefs/Projects/QuadrupleHiggsAnalysis/MadGraphCards/c3d4_refinement_40k/logs/worker_10/run_gg_4h_5_7.5_-50.0.log,2026-07-26T22:45:51+00:00,
22,11,2,refinement_36,7.5,50.0,run_gg_4h_5_7.5_50.0,40000,767148470,complete,40000,0.00044604,/home/apapaefs/Projects/QuadrupleHiggsAnalysis/MG5_aMC_v3_5_15/gg_4h_c3d4/Events/run_gg_4h_5_7.5_50.0/unweighted_events.lhe.gz,/home/apapaefs/Projects/QuadrupleHiggsAnalysis/MadGraphCards/c3d4_refinement_40k/logs/worker_11/run_gg_4h_5_7.5_50.0.log,2026-07-26T22:45:51+00:00,
23,1,3,refinement_36,10.5,-50.0,run_gg_4h_5_10.5_-50.0,40000,47873149,complete,40000,0.00029182,/home/apapaefs/Projects/QuadrupleHiggsAnalysis/MG5_aMC_v3_5_15/gg_4h_c3d4/Events/run_gg_4h_5_10.5_-50.0/unweighted_events.lhe.gz,/home/apapaefs/Projects/QuadrupleHiggsAnalysis/MadGraphCards/c3d4_refinement_40k/logs/worker_01/run_gg_4h_5_10.5_-50.0.log,2026-07-26T22:45:52+00:00,
24,2,3,refinement_36,10.5,50.0,run_gg_4h_5_10.5_50.0,40000,709760991,complete,40000,0.00155896,/home/apapaefs/Projects/QuadrupleHiggsAnalysis/MG5_aMC_v3_5_15/gg_4h_c3d4/Events/run_gg_4h_5_10.5_50.0/unweighted_events.lhe.gz,/home/apapaefs/Projects/QuadrupleHiggsAnalysis/MadGraphCards/c3d4_refinement_40k/logs/worker_02/run_gg_4h_5_10.5_50.0.log,2026-07-26T22:45:52+00:00,
25,3,3,refinement_36,-3.0,-350.0,run_gg_4h_5_-3.0_-350.0,40000,591978940,complete,40000,0.0023788,/home/apapaefs/Projects/QuadrupleHiggsAnalysis/MG5_aMC_v3_5_15/gg_4h_c3d4/Events/run_gg_4h_5_-3.0_-350.0/unweighted_events.lhe.gz,/home/apapaefs/Projects/QuadrupleHiggsAnalysis/MadGraphCards/c3d4_refinement_40k/logs/worker_03/run_gg_4h_5_-3.0_-350.0.log,2026-07-26T22:45:52+00:00,
26,4,3,refinement_36,-3.0,350.0,run_gg_4h_5_-3.0_350.0,40000,71750864,complete,40000,0.00247775,/home/apapaefs/Projects/QuadrupleHiggsAnalysis/MG5_aMC_v3_5_15/gg_4h_c3d4/Events/run_gg_4h_5_-3.0_350.0/unweighted_events.lhe.gz,/home/apapaefs/Projects/QuadrupleHiggsAnalysis/MadGraphCards/c3d4_refinement_40k/logs/worker_04/run_gg_4h_5_-3.0_350.0.log,2026-07-26T22:45:53+00:00,
27,5,3,refinement_36,-1.5,-350.0,run_gg_4h_5_-1.5_-350.0,40000,309140993,complete,40000,0.00104798,/home/apapaefs/Projects/QuadrupleHiggsAnalysis/MG5_aMC_v3_5_15/gg_4h_c3d4/Events/run_gg_4h_5_-1.5_-350.0/unweighted_events.lhe.gz,/home/apapaefs/Projects/QuadrupleHiggsAnalysis/MadGraphCards/c3d4_refinement_40k/logs/worker_05/run_gg_4h_5_-1.5_-350.0.log,2026-07-26T22:45:53+00:00,
28,6,3,refinement_36,-1.5,350.0,run_gg_4h_5_-1.5_350.0,40000,415528814,complete,40000,0.00102943,/home/apapaefs/Projects/QuadrupleHiggsAnalysis/MG5_aMC_v3_5_15/gg_4h_c3d4/Events/run_gg_4h_5_-1.5_350.0/unweighted_events.lhe.gz,/home/apapaefs/Projects/QuadrupleHiggsAnalysis/MadGraphCards/c3d4_refinement_40k/logs/worker_06/run_gg_4h_5_-1.5_350.0.log,2026-07-26T22:45:53+00:00,
29,7,3,refinement_36,0.0,-350.0,run_gg_4h_5_0.0_-350.0,40000,475577515,complete,40000,0.00064069,/home/apapaefs/Projects/QuadrupleHiggsAnalysis/MG5_aMC_v3_5_15/gg_4h_c3d4/Events/run_gg_4h_5_0.0_-350.0/unweighted_events.lhe.gz,/home/apapaefs/Projects/QuadrupleHiggsAnalysis/MadGraphCards/c3d4_refinement_40k/logs/worker_07/run_gg_4h_5_0.0_-350.0.log,2026-07-26T22:45:54+00:00,
30,8,3,refinement_36,0.0,350.0,run_gg_4h_5_0.0_350.0,40000,224647253,complete,40000,0.0006078,/home/apapaefs/Projects/QuadrupleHiggsAnalysis/MG5_aMC_v3_5_15/gg_4h_c3d4/Events/run_gg_4h_5_0.0_350.0/unweighted_events.lhe.gz,/home/apapaefs/Projects/QuadrupleHiggsAnalysis/MadGraphCards/c3d4_refinement_40k/logs/worker_08/run_gg_4h_5_0.0_350.0.log,2026-07-26T22:45:54+00:00,
31,9,3,refinement_36,1.5,-350.0,run_gg_4h_5_1.5_-350.0,40000,574905000,complete,40000,0.00120906,/home/apapaefs/Projects/QuadrupleHiggsAnalysis/MG5_aMC_v3_5_15/gg_4h_c3d4/Events/run_gg_4h_5_1.5_-350.0/unweighted_events.lhe.gz,/home/apapaefs/Projects/QuadrupleHiggsAnalysis/MadGraphCards/c3d4_refinement_40k/logs/worker_09/run_gg_4h_5_1.5_-350.0.log,2026-07-26T22:45:54+00:00,
32,10,3,refinement_36,1.5,350.0,run_gg_4h_5_1.5_350.0,40000,323626925,complete,40000,0.00114209,/home/apapaefs/Projects/QuadrupleHiggsAnalysis/MG5_aMC_v3_5_15/gg_4h_c3d4/Events/run_gg_4h_5_1.5_350.0/unweighted_events.lhe.gz,/home/apapaefs/Projects/QuadrupleHiggsAnalysis/MadGraphCards/c3d4_refinement_40k/logs/worker_10/run_gg_4h_5_1.5_350.0.log,2026-07-26T22:45:55+00:00,
33,11,3,refinement_36,3.0,-350.0,run_gg_4h_5_3.0_-350.0,40000,478048622,complete,40000,0.0027611,/home/apapaefs/Projects/QuadrupleHiggsAnalysis/MG5_aMC_v3_5_15/gg_4h_c3d4/Events/run_gg_4h_5_3.0_-350.0/unweighted_events.lhe.gz,/home/apapaefs/Projects/QuadrupleHiggsAnalysis/MadGraphCards/c3d4_refinement_40k/logs/worker_11/run_gg_4h_5_3.0_-350.0.log,2026-07-26T22:45:55+00:00,
34,1,4,refinement_36,3.0,350.0,run_gg_4h_5_3.0_350.0,40000,324202396,complete,40000,0.00263628,/home/apapaefs/Projects/QuadrupleHiggsAnalysis/MG5_aMC_v3_5_15/gg_4h_c3d4/Events/run_gg_4h_5_3.0_350.0/unweighted_events.lhe.gz,/home/apapaefs/Projects/QuadrupleHiggsAnalysis/MadGraphCards/c3d4_refinement_40k/logs/worker_01/run_gg_4h_5_3.0_350.0.log,2026-07-26T22:45:55+00:00,
35,2,4,refinement_36,0.0,-250.0,run_gg_4h_5_0.0_-250.0,40000,312667564,complete,40000,0.00032928,/home/apapaefs/Projects/QuadrupleHiggsAnalysis/MG5_aMC_v3_5_15/gg_4h_c3d4/Events/run_gg_4h_5_0.0_-250.0/unweighted_events.lhe.gz,/home/apapaefs/Projects/QuadrupleHiggsAnalysis/MadGraphCards/c3d4_refinement_40k/logs/worker_02/run_gg_4h_5_0.0_-250.0.log,2026-07-26T22:45:56+00:00,
36,3,4,refinement_36,0.0,250.0,run_gg_4h_5_0.0_250.0,40000,404457969,complete,40000,0.00030721,/home/apapaefs/Projects/QuadrupleHiggsAnalysis/MG5_aMC_v3_5_15/gg_4h_c3d4/Events/run_gg_4h_5_0.0_250.0/unweighted_events.lhe.gz,/home/apapaefs/Projects/QuadrupleHiggsAnalysis/MadGraphCards/c3d4_refinement_40k/logs/worker_03/run_gg_4h_5_0.0_250.0.log,2026-07-26T22:45:56+00:00,
37,4,4,bridge_60,6.0,-200.0,run_gg_4h_5_6.0_-200.0,40000,154537621,complete,40000,0.0027393,/home/apapaefs/Projects/QuadrupleHiggsAnalysis/MG5_aMC_v3_5_15/gg_4h_c3d4/Events/run_gg_4h_5_6.0_-200.0/unweighted_events.lhe.gz,/home/apapaefs/Projects/QuadrupleHiggsAnalysis/MadGraphCards/c3d4_refinement_40k/logs/worker_04/run_gg_4h_5_6.0_-200.0.log,2026-07-26T22:45:56+00:00,
38,5,4,signal_57,-0.258819,0.0,run_gg_4h_5_-0.258819_0.0,40000,847193665,complete,40000,1.27137e-07,/home/apapaefs/Projects/QuadrupleHiggsAnalysis/MG5_aMC_v3_5_15/gg_4h_c3d4/Events/run_gg_4h_5_-0.258819_0.0/unweighted_events.lhe.gz,/home/apapaefs/Projects/QuadrupleHiggsAnalysis/MadGraphCards/c3d4_refinement_40k/logs/worker_05/run_gg_4h_5_-0.258819_0.0.log,2026-07-26T22:45:57+00:00,
39,6,4,signal_57,-0.866025,70.7107,run_gg_4h_5_-0.866025_70.7107,40000,548837639,complete,40000,2.77886e-05,/home/apapaefs/Projects/QuadrupleHiggsAnalysis/MG5_aMC_v3_5_15/gg_4h_c3d4/Events/run_gg_4h_5_-0.866025_70.7107/unweighted_events.lhe.gz,/home/apapaefs/Projects/QuadrupleHiggsAnalysis/MadGraphCards/c3d4_refinement_40k/logs/worker_06/run_gg_4h_5_-0.866025_70.7107.log,2026-07-26T22:45:57+00:00,
40,7,4,signal_57,-0.866025,-100.0,run_gg_4h_5_-0.866025_-100.0,40000,775909277,complete,40000,6.4948e-05,/home/apapaefs/Projects/QuadrupleHiggsAnalysis/MG5_aMC_v3_5_15/gg_4h_c3d4/Events/run_gg_4h_5_-0.866025_-100.0/unweighted_events.lhe.gz,/home/apapaefs/Projects/QuadrupleHiggsAnalysis/MadGraphCards/c3d4_refinement_40k/logs/worker_07/run_gg_4h_5_-0.866025_-100.0.log,2026-07-26T22:45:58+00:00,
41,8,4,signal_57,-0.5,0.0,run_gg_4h_5_-0.5_0.0,40000,564701193,complete,40000,1.38966e-07,/home/apapaefs/Projects/QuadrupleHiggsAnalysis/MG5_aMC_v3_5_15/gg_4h_c3d4/Events/run_gg_4h_5_-0.5_0.0/unweighted_events.lhe.gz,/home/apapaefs/Projects/QuadrupleHiggsAnalysis/MadGraphCards/c3d4_refinement_40k/logs/worker_08/run_gg_4h_5_-0.5_0.0.log,2026-07-26T22:45:58+00:00,
42,9,4,signal_57,0.5,-70.7107,run_gg_4h_5_0.5_-70.7107,40000,137864107,complete,40000,3.252e-05,/home/apapaefs/Projects/QuadrupleHiggsAnalysis/MG5_aMC_v3_5_15/gg_4h_c3d4/Events/run_gg_4h_5_0.5_-70.7107/unweighted_events.lhe.gz,/home/apapaefs/Projects/QuadrupleHiggsAnalysis/MadGraphCards/c3d4_refinement_40k/logs/worker_09/run_gg_4h_5_0.5_-70.7107.log,2026-07-26T22:45:58+00:00,
43,10,4,bridge_60,-12.0,100.0,run_gg_4h_5_-12.0_100.0,40000,576155818,complete,40000,0.0085026,/home/apapaefs/Projects/QuadrupleHiggsAnalysis/MG5_aMC_v3_5_15/gg_4h_c3d4/Events/run_gg_4h_5_-12.0_100.0/unweighted_events.lhe.gz,/home/apapaefs/Projects/QuadrupleHiggsAnalysis/MadGraphCards/c3d4_refinement_40k/logs/worker_10/run_gg_4h_5_-12.0_100.0.log,2026-07-26T22:45:59+00:00,
44,11,4,bridge_60,-12.0,0.0,run_gg_4h_5_-12.0_0.0,40000,163956394,complete,40000,0.00202515,/home/apapaefs/Projects/QuadrupleHiggsAnalysis/MG5_aMC_v3_5_15/gg_4h_c3d4/Events/run_gg_4h_5_-12.0_0.0/unweighted_events.lhe.gz,/home/apapaefs/Projects/QuadrupleHiggsAnalysis/MadGraphCards/c3d4_refinement_40k/logs/worker_11/run_gg_4h_5_-12.0_0.0.log,2026-07-26T22:45:59+00:00,
45,1,5,bridge_60,-12.0,300.0,run_gg_4h_5_-12.0_300.0,40000,853406837,complete,40000,0.03687,/home/apapaefs/Projects/QuadrupleHiggsAnalysis/MG5_aMC_v3_5_15/gg_4h_c3d4/Events/run_gg_4h_5_-12.0_300.0/unweighted_events.lhe.gz,/home/apapaefs/Projects/QuadrupleHiggsAnalysis/MadGraphCards/c3d4_refinement_40k/logs/worker_01/run_gg_4h_5_-12.0_300.0.log,2026-07-26T22:45:59+00:00,
46,2,5,signal_57,-0.866025,-70.7107,run_gg_4h_5_-0.866025_-70.7107,40000,154666606,complete,40000,3.34217e-05,/home/apapaefs/Projects/QuadrupleHiggsAnalysis/MG5_aMC_v3_5_15/gg_4h_c3d4/Events/run_gg_4h_5_-0.866025_-70.7107/unweighted_events.lhe.gz,/home/apapaefs/Projects/QuadrupleHiggsAnalysis/MadGraphCards/c3d4_refinement_40k/logs/worker_02/run_gg_4h_5_-0.866025_-70.7107.log,2026-07-26T22:46:00+00:00,
47,3,5,signal_57,0.5,100.0,run_gg_4h_5_0.5_100.0,40000,779225544,complete,40000,5.1708e-05,/home/apapaefs/Projects/QuadrupleHiggsAnalysis/MG5_aMC_v3_5_15/gg_4h_c3d4/Events/run_gg_4h_5_0.5_100.0/unweighted_events.lhe.gz,/home/apapaefs/Projects/QuadrupleHiggsAnalysis/MadGraphCards/c3d4_refinement_40k/logs/worker_03/run_gg_4h_5_0.5_100.0.log,2026-07-26T22:46:00+00:00,
48,4,5,bridge_60,12.0,300.0,run_gg_4h_5_12.0_300.0,40000,541231778,complete,40000,0.031597,/home/apapaefs/Projects/QuadrupleHiggsAnalysis/MG5_aMC_v3_5_15/gg_4h_c3d4/Events/run_gg_4h_5_12.0_300.0/unweighted_events.lhe.gz,/home/apapaefs/Projects/QuadrupleHiggsAnalysis/MadGraphCards/c3d4_refinement_40k/logs/worker_04/run_gg_4h_5_12.0_300.0.log,2026-07-26T22:46:00+00:00,
49,5,5,bridge_60,-9.0,-300.0,run_gg_4h_5_-9.0_-300.0,40000,172090248,complete,40000,0.0095072,/home/apapaefs/Projects/QuadrupleHiggsAnalysis/MG5_aMC_v3_5_15/gg_4h_c3d4/Events/run_gg_4h_5_-9.0_-300.0/unweighted_events.lhe.gz,/home/apapaefs/Projects/QuadrupleHiggsAnalysis/MadGraphCards/c3d4_refinement_40k/logs/worker_05/run_gg_4h_5_-9.0_-300.0.log,2026-07-26T22:46:01+00:00,
50,6,5,bridge_60,3.0,-300.0,run_gg_4h_5_3.0_-300.0,40000,307970459,complete,40000,0.00204688,/home/apapaefs/Projects/QuadrupleHiggsAnalysis/MG5_aMC_v3_5_15/gg_4h_c3d4/Events/run_gg_4h_5_3.0_-300.0/unweighted_events.lhe.gz,/home/apapaefs/Projects/QuadrupleHiggsAnalysis/MadGraphCards/c3d4_refinement_40k/logs/worker_06/run_gg_4h_5_3.0_-300.0.log,2026-07-26T22:46:01+00:00,
51,7,5,signal_57,30.0,700.0,run_gg_4h_5_30.0_700.0,40000,341750183,complete,40000,1.85673,/home/apapaefs/Projects/QuadrupleHiggsAnalysis/MG5_aMC_v3_5_15/gg_4h_c3d4/Events/run_gg_4h_5_30.0_700.0/unweighted_events.lhe.gz,/home/apapaefs/Projects/QuadrupleHiggsAnalysis/MadGraphCards/c3d4_refinement_40k/logs/worker_07/run_gg_4h_5_30.0_700.0.log,2026-07-26T22:46:01+00:00,
52,8,5,signal_57,-0.866025,0.0,run_gg_4h_5_-0.866025_0.0,40000,791525817,complete,40000,1.73243e-07,/home/apapaefs/Projects/QuadrupleHiggsAnalysis/MG5_aMC_v3_5_15/gg_4h_c3d4/Events/run_gg_4h_5_-0.866025_0.0/unweighted_events.lhe.gz,/home/apapaefs/Projects/QuadrupleHiggsAnalysis/MadGraphCards/c3d4_refinement_40k/logs/worker_08/run_gg_4h_5_-0.866025_0.0.log,2026-07-26T22:46:02+00:00,
53,9,5,bridge_60,-6.0,-200.0,run_gg_4h_5_-6.0_-200.0,40000,823219052,complete,40000,0.00217243,/home/apapaefs/Projects/QuadrupleHiggsAnalysis/MG5_aMC_v3_5_15/gg_4h_c3d4/Events/run_gg_4h_5_-6.0_-200.0/unweighted_events.lhe.gz,/home/apapaefs/Projects/QuadrupleHiggsAnalysis/MadGraphCards/c3d4_refinement_40k/logs/worker_09/run_gg_4h_5_-6.0_-200.0.log,2026-07-26T22:46:02+00:00,
54,10,5,bridge_60,6.0,-300.0,run_gg_4h_5_6.0_-300.0,40000,72503300,complete,40000,0.0062055,/home/apapaefs/Projects/QuadrupleHiggsAnalysis/MG5_aMC_v3_5_15/gg_4h_c3d4/Events/run_gg_4h_5_6.0_-300.0/unweighted_events.lhe.gz,/home/apapaefs/Projects/QuadrupleHiggsAnalysis/MadGraphCards/c3d4_refinement_40k/logs/worker_10/run_gg_4h_5_6.0_-300.0.log,2026-07-26T22:46:02+00:00,
55,11,5,bridge_60,12.0,-100.0,run_gg_4h_5_12.0_-100.0,40000,679401939,complete,40000,0.00120182,/home/apapaefs/Projects/QuadrupleHiggsAnalysis/MG5_aMC_v3_5_15/gg_4h_c3d4/Events/run_gg_4h_5_12.0_-100.0/unweighted_events.lhe.gz,/home/apapaefs/Projects/QuadrupleHiggsAnalysis/MadGraphCards/c3d4_refinement_40k/logs/worker_11/run_gg_4h_5_12.0_-100.0.log,2026-07-26T22:46:03+00:00,
56,1,6,signal_57,1.0,-70.7107,run_gg_4h_5_1.0_-70.7107,40000,245416863,complete,40000,4.1491e-05,/home/apapaefs/Projects/QuadrupleHiggsAnalysis/MG5_aMC_v3_5_15/gg_4h_c3d4/Events/run_gg_4h_5_1.0_-70.7107/unweighted_events.lhe.gz,/home/apapaefs/Projects/QuadrupleHiggsAnalysis/MadGraphCards/c3d4_refinement_40k/logs/worker_01/run_gg_4h_5_1.0_-70.7107.log,2026-07-26T22:46:03+00:00,
57,2,6,bridge_60,-12.0,-100.0,run_gg_4h_5_-12.0_-100.0,40000,710267879,complete,40000,0.00060393,/home/apapaefs/Projects/QuadrupleHiggsAnalysis/MG5_aMC_v3_5_15/gg_4h_c3d4/Events/run_gg_4h_5_-12.0_-100.0/unweighted_events.lhe.gz,/home/apapaefs/Projects/QuadrupleHiggsAnalysis/MadGraphCards/c3d4_refinement_40k/logs/worker_02/run_gg_4h_5_-12.0_-100.0.log,2026-07-26T22:46:03+00:00,
58,3,6,bridge_60,9.0,-200.0,run_gg_4h_5_9.0_-200.0,40000,502564457,complete,40000,0.0049952,/home/apapaefs/Projects/QuadrupleHiggsAnalysis/MG5_aMC_v3_5_15/gg_4h_c3d4/Events/run_gg_4h_5_9.0_-200.0/unweighted_events.lhe.gz,/home/apapaefs/Projects/QuadrupleHiggsAnalysis/MadGraphCards/c3d4_refinement_40k/logs/worker_03/run_gg_4h_5_9.0_-200.0.log,2026-07-26T22:46:04+00:00,
59,4,6,bridge_60,12.0,0.0,run_gg_4h_5_12.0_0.0,40000,598385287,complete,40000,0.00092835,/home/apapaefs/Projects/QuadrupleHiggsAnalysis/MG5_aMC_v3_5_15/gg_4h_c3d4/Events/run_gg_4h_5_12.0_0.0/unweighted_events.lhe.gz,/home/apapaefs/Projects/QuadrupleHiggsAnalysis/MadGraphCards/c3d4_refinement_40k/logs/worker_04/run_gg_4h_5_12.0_0.0.log,2026-07-26T22:46:04+00:00,
60,5,6,bridge_60,3.0,100.0,run_gg_4h_5_3.0_100.0,40000,212675537,complete,40000,0.000202488,/home/apapaefs/Projects/QuadrupleHiggsAnalysis/MG5_aMC_v3_5_15/gg_4h_c3d4/Events/run_gg_4h_5_3.0_100.0/unweighted_events.lhe.gz,/home/apapaefs/Projects/QuadrupleHiggsAnalysis/MadGraphCards/c3d4_refinement_40k/logs/worker_05/run_gg_4h_5_3.0_100.0.log,2026-07-26T22:46:04+00:00,
61,6,6,bridge_60,3.0,0.0,run_gg_4h_5_3.0_0.0,40000,843120312,complete,40000,1.71864e-06,/home/apapaefs/Projects/QuadrupleHiggsAnalysis/MG5_aMC_v3_5_15/gg_4h_c3d4/Events/run_gg_4h_5_3.0_0.0/unweighted_events.lhe.gz,/home/apapaefs/Projects/QuadrupleHiggsAnalysis/MadGraphCards/c3d4_refinement_40k/logs/worker_06/run_gg_4h_5_3.0_0.0.log,2026-07-26T22:46:05+00:00,
62,7,6,bridge_60,12.0,200.0,run_gg_4h_5_12.0_200.0,40000,492150536,complete,40000,0.0161285,/home/apapaefs/Projects/QuadrupleHiggsAnalysis/MG5_aMC_v3_5_15/gg_4h_c3d4/Events/run_gg_4h_5_12.0_200.0/unweighted_events.lhe.gz,/home/apapaefs/Projects/QuadrupleHiggsAnalysis/MadGraphCards/c3d4_refinement_40k/logs/worker_07/run_gg_4h_5_12.0_200.0.log,2026-07-26T22:46:05+00:00,
63,8,6,bridge_60,9.0,0.0,run_gg_4h_5_9.0_0.0,40000,854988654,complete,40000,0.000173422,/home/apapaefs/Projects/QuadrupleHiggsAnalysis/MG5_aMC_v3_5_15/gg_4h_c3d4/Events/run_gg_4h_5_9.0_0.0/unweighted_events.lhe.gz,/home/apapaefs/Projects/QuadrupleHiggsAnalysis/MadGraphCards/c3d4_refinement_40k/logs/worker_08/run_gg_4h_5_9.0_0.0.log,2026-07-26T22:46:05+00:00,
64,9,6,signal_57,-21.2132,-700.0,run_gg_4h_5_-21.2132_-700.0,40000,304969013,complete,40000,0.180208,/home/apapaefs/Projects/QuadrupleHiggsAnalysis/MG5_aMC_v3_5_15/gg_4h_c3d4/Events/run_gg_4h_5_-21.2132_-700.0/unweighted_events.lhe.gz,/home/apapaefs/Projects/QuadrupleHiggsAnalysis/MadGraphCards/c3d4_refinement_40k/logs/worker_09/run_gg_4h_5_-21.2132_-700.0.log,2026-07-26T22:46:06+00:00,
65,10,6,bridge_60,-3.0,100.0,run_gg_4h_5_-3.0_100.0,40000,429166315,complete,40000,0.000212897,/home/apapaefs/Projects/QuadrupleHiggsAnalysis/MG5_aMC_v3_5_15/gg_4h_c3d4/Events/run_gg_4h_5_-3.0_100.0/unweighted_events.lhe.gz,/home/apapaefs/Projects/QuadrupleHiggsAnalysis/MadGraphCards/c3d4_refinement_40k/logs/worker_10/run_gg_4h_5_-3.0_100.0.log,2026-07-26T22:46:06+00:00,
66,11,6,signal_57,21.2132,-700.0,run_gg_4h_5_21.2132_-700.0,40000,887579132,complete,40000,0.229395,/home/apapaefs/Projects/QuadrupleHiggsAnalysis/MG5_aMC_v3_5_15/gg_4h_c3d4/Events/run_gg_4h_5_21.2132_-700.0/unweighted_events.lhe.gz,/home/apapaefs/Projects/QuadrupleHiggsAnalysis/MadGraphCards/c3d4_refinement_40k/logs/worker_11/run_gg_4h_5_21.2132_-700.0.log,2026-07-26T22:46:06+00:00,
67,1,7,signal_57,-1.0,70.7107,run_gg_4h_5_-1.0_70.7107,40000,602390265,complete,40000,2.9868e-05,/home/apapaefs/Projects/QuadrupleHiggsAnalysis/MG5_aMC_v3_5_15/gg_4h_c3d4/Events/run_gg_4h_5_-1.0_70.7107/unweighted_events.lhe.gz,/home/apapaefs/Projects/QuadrupleHiggsAnalysis/MadGraphCards/c3d4_refinement_40k/logs/worker_01/run_gg_4h_5_-1.0_70.7107.log,2026-07-26T22:46:07+00:00,
68,2,7,bridge_60,-6.0,100.0,run_gg_4h_5_-6.0_100.0,40000,591591133,complete,40000,0.00097855,/home/apapaefs/Projects/QuadrupleHiggsAnalysis/MG5_aMC_v3_5_15/gg_4h_c3d4/Events/run_gg_4h_5_-6.0_100.0/unweighted_events.lhe.gz,/home/apapaefs/Projects/QuadrupleHiggsAnalysis/MadGraphCards/c3d4_refinement_40k/logs/worker_02/run_gg_4h_5_-6.0_100.0.log,2026-07-26T22:46:07+00:00,
69,3,7,bridge_60,-9.0,100.0,run_gg_4h_5_-9.0_100.0,40000,531103153,complete,40000,0.0031567,/home/apapaefs/Projects/QuadrupleHiggsAnalysis/MG5_aMC_v3_5_15/gg_4h_c3d4/Events/run_gg_4h_5_-9.0_100.0/unweighted_events.lhe.gz,/home/apapaefs/Projects/QuadrupleHiggsAnalysis/MadGraphCards/c3d4_refinement_40k/logs/worker_03/run_gg_4h_5_-9.0_100.0.log,2026-07-26T22:46:08+00:00,
70,4,7,signal_57,0.0,-70.7107,run_gg_4h_5_0.0_-70.7107,40000,536105198,complete,40000,2.8782e-05,/home/apapaefs/Projects/QuadrupleHiggsAnalysis/MG5_aMC_v3_5_15/gg_4h_c3d4/Events/run_gg_4h_5_0.0_-70.7107/unweighted_events.lhe.gz,/home/apapaefs/Projects/QuadrupleHiggsAnalysis/MadGraphCards/c3d4_refinement_40k/logs/worker_04/run_gg_4h_5_0.0_-70.7107.log,2026-07-26T22:46:08+00:00,
71,5,7,signal_57,-25.9808,0.0,run_gg_4h_5_-25.9808_0.0,40000,777481611,complete,40000,0.157677,/home/apapaefs/Projects/QuadrupleHiggsAnalysis/MG5_aMC_v3_5_15/gg_4h_c3d4/Events/run_gg_4h_5_-25.9808_0.0/unweighted_events.lhe.gz,/home/apapaefs/Projects/QuadrupleHiggsAnalysis/MadGraphCards/c3d4_refinement_40k/logs/worker_05/run_gg_4h_5_-25.9808_0.0.log,2026-07-26T22:46:08+00:00,
72,6,7,signal_57,-15.0,0.0,run_gg_4h_5_-15.0_0.0,40000,568977437,complete,40000,0.0069571,/home/apapaefs/Projects/QuadrupleHiggsAnalysis/MG5_aMC_v3_5_15/gg_4h_c3d4/Events/run_gg_4h_5_-15.0_0.0/unweighted_events.lhe.gz,/home/apapaefs/Projects/QuadrupleHiggsAnalysis/MadGraphCards/c3d4_refinement_40k/logs/worker_06/run_gg_4h_5_-15.0_0.0.log,2026-07-26T22:46:09+00:00,
73,7,7,signal_57,-30.0,0.0,run_gg_4h_5_-30.0_0.0,40000,227075053,complete,40000,0.36141,/home/apapaefs/Projects/QuadrupleHiggsAnalysis/MG5_aMC_v3_5_15/gg_4h_c3d4/Events/run_gg_4h_5_-30.0_0.0/unweighted_events.lhe.gz,/home/apapaefs/Projects/QuadrupleHiggsAnalysis/MadGraphCards/c3d4_refinement_40k/logs/worker_07/run_gg_4h_5_-30.0_0.0.log,2026-07-26T22:46:09+00:00,
74,8,7,bridge_60,9.0,200.0,run_gg_4h_5_9.0_200.0,40000,24657360,complete,40000,0.0074034,/home/apapaefs/Projects/QuadrupleHiggsAnalysis/MG5_aMC_v3_5_15/gg_4h_c3d4/Events/run_gg_4h_5_9.0_200.0/unweighted_events.lhe.gz,/home/apapaefs/Projects/QuadrupleHiggsAnalysis/MadGraphCards/c3d4_refinement_40k/logs/worker_08/run_gg_4h_5_9.0_200.0.log,2026-07-26T22:46:09+00:00,
75,9,7,signal_57,-0.5,100.0,run_gg_4h_5_-0.5_100.0,40000,891814960,complete,40000,4.9559e-05,/home/apapaefs/Projects/QuadrupleHiggsAnalysis/MG5_aMC_v3_5_15/gg_4h_c3d4/Events/run_gg_4h_5_-0.5_100.0/unweighted_events.lhe.gz,/home/apapaefs/Projects/QuadrupleHiggsAnalysis/MadGraphCards/c3d4_refinement_40k/logs/worker_09/run_gg_4h_5_-0.5_100.0.log,2026-07-26T22:46:10+00:00,
76,10,7,bridge_60,6.0,0.0,run_gg_4h_5_6.0_0.0,40000,489625138,complete,40000,2.159e-05,/home/apapaefs/Projects/QuadrupleHiggsAnalysis/MG5_aMC_v3_5_15/gg_4h_c3d4/Events/run_gg_4h_5_6.0_0.0/unweighted_events.lhe.gz,/home/apapaefs/Projects/QuadrupleHiggsAnalysis/MadGraphCards/c3d4_refinement_40k/logs/worker_10/run_gg_4h_5_6.0_0.0.log,2026-07-26T22:46:10+00:00,
77,11,7,signal_57,1.0,70.7107,run_gg_4h_5_1.0_70.7107,40000,711429699,complete,40000,3.1217e-05,/home/apapaefs/Projects/QuadrupleHiggsAnalysis/MG5_aMC_v3_5_15/gg_4h_c3d4/Events/run_gg_4h_5_1.0_70.7107/unweighted_events.lhe.gz,/home/apapaefs/Projects/QuadrupleHiggsAnalysis/MadGraphCards/c3d4_refinement_40k/logs/worker_11/run_gg_4h_5_1.0_70.7107.log,2026-07-26T22:46:10+00:00,
78,1,8,signal_57,0.866025,0.0,run_gg_4h_5_0.866025_0.0,40000,64372549,complete,40000,1.90849e-07,/home/apapaefs/Projects/QuadrupleHiggsAnalysis/MG5_aMC_v3_5_15/gg_4h_c3d4/Events/run_gg_4h_5_0.866025_0.0/unweighted_events.lhe.gz,/home/apapaefs/Projects/QuadrupleHiggsAnalysis/MadGraphCards/c3d4_refinement_40k/logs/worker_01/run_gg_4h_5_0.866025_0.0.log,2026-07-26T22:46:11+00:00,
79,2,8,bridge_60,-3.0,-100.0,run_gg_4h_5_-3.0_-100.0,40000,559686769,complete,40000,0.00018597,/home/apapaefs/Projects/QuadrupleHiggsAnalysis/MG5_aMC_v3_5_15/gg_4h_c3d4/Events/run_gg_4h_5_-3.0_-100.0/unweighted_events.lhe.gz,/home/apapaefs/Projects/QuadrupleHiggsAnalysis/MadGraphCards/c3d4_refinement_40k/logs/worker_02/run_gg_4h_5_-3.0_-100.0.log,2026-07-26T22:46:11+00:00,
80,3,8,bridge_60,-12.0,200.0,run_gg_4h_5_-12.0_200.0,40000,12771661,complete,40000,0.0201387,/home/apapaefs/Projects/QuadrupleHiggsAnalysis/MG5_aMC_v3_5_15/gg_4h_c3d4/Events/run_gg_4h_5_-12.0_200.0/unweighted_events.lhe.gz,/home/apapaefs/Projects/QuadrupleHiggsAnalysis/MadGraphCards/c3d4_refinement_40k/logs/worker_03/run_gg_4h_5_-12.0_200.0.log,2026-07-26T22:46:11+00:00,
81,4,8,signal_57,0.866025,-70.7107,run_gg_4h_5_0.866025_-70.7107,40000,237581535,complete,40000,3.8668e-05,/home/apapaefs/Projects/QuadrupleHiggsAnalysis/MG5_aMC_v3_5_15/gg_4h_c3d4/Events/run_gg_4h_5_0.866025_-70.7107/unweighted_events.lhe.gz,/home/apapaefs/Projects/QuadrupleHiggsAnalysis/MadGraphCards/c3d4_refinement_40k/logs/worker_04/run_gg_4h_5_0.866025_-70.7107.log,2026-07-26T22:46:12+00:00,
82,5,8,bridge_60,0.0,-300.0,run_gg_4h_5_0.0_-300.0,40000,493942767,complete,40000,0.00047199,/home/apapaefs/Projects/QuadrupleHiggsAnalysis/MG5_aMC_v3_5_15/gg_4h_c3d4/Events/run_gg_4h_5_0.0_-300.0/unweighted_events.lhe.gz,/home/apapaefs/Projects/QuadrupleHiggsAnalysis/MadGraphCards/c3d4_refinement_40k/logs/worker_05/run_gg_4h_5_0.0_-300.0.log,2026-07-26T22:46:12+00:00,
83,6,8,signal_57,0.5,-100.0,run_gg_4h_5_0.5_-100.0,40000,458504241,complete,40000,6.2983e-05,/home/apapaefs/Projects/QuadrupleHiggsAnalysis/MG5_aMC_v3_5_15/gg_4h_c3d4/Events/run_gg_4h_5_0.5_-100.0/unweighted_events.lhe.gz,/home/apapaefs/Projects/QuadrupleHiggsAnalysis/MadGraphCards/c3d4_refinement_40k/logs/worker_06/run_gg_4h_5_0.5_-100.0.log,2026-07-26T22:46:12+00:00,
84,7,8,signal_57,-0.965926,0.0,run_gg_4h_5_-0.965926_0.0,40000,208050169,complete,40000,1.88147e-07,/home/apapaefs/Projects/QuadrupleHiggsAnalysis/MG5_aMC_v3_5_15/gg_4h_c3d4/Events/run_gg_4h_5_-0.965926_0.0/unweighted_events.lhe.gz,/home/apapaefs/Projects/QuadrupleHiggsAnalysis/MadGraphCards/c3d4_refinement_40k/logs/worker_07/run_gg_4h_5_-0.965926_0.0.log,2026-07-26T22:46:13+00:00,
85,8,8,signal_57,-21.2132,700.0,run_gg_4h_5_-21.2132_700.0,40000,39335114,complete,40000,0.68945,/home/apapaefs/Projects/QuadrupleHiggsAnalysis/MG5_aMC_v3_5_15/gg_4h_c3d4/Events/run_gg_4h_5_-21.2132_700.0/unweighted_events.lhe.gz,/home/apapaefs/Projects/QuadrupleHiggsAnalysis/MadGraphCards/c3d4_refinement_40k/logs/worker_08/run_gg_4h_5_-21.2132_700.0.log,2026-07-26T22:46:13+00:00,
86,9,8,bridge_60,-6.0,200.0,run_gg_4h_5_-6.0_200.0,40000,170146534,complete,40000,0.0032304,/home/apapaefs/Projects/QuadrupleHiggsAnalysis/MG5_aMC_v3_5_15/gg_4h_c3d4/Events/run_gg_4h_5_-6.0_200.0/unweighted_events.lhe.gz,/home/apapaefs/Projects/QuadrupleHiggsAnalysis/MadGraphCards/c3d4_refinement_40k/logs/worker_09/run_gg_4h_5_-6.0_200.0.log,2026-07-26T22:46:13+00:00,
87,10,8,bridge_60,9.0,-100.0,run_gg_4h_5_9.0_-100.0,40000,149341229,complete,40000,0.00107617,/home/apapaefs/Projects/QuadrupleHiggsAnalysis/MG5_aMC_v3_5_15/gg_4h_c3d4/Events/run_gg_4h_5_9.0_-100.0/unweighted_events.lhe.gz,/home/apapaefs/Projects/QuadrupleHiggsAnalysis/MadGraphCards/c3d4_refinement_40k/logs/worker_10/run_gg_4h_5_9.0_-100.0.log,2026-07-26T22:46:14+00:00,
88,11,8,bridge_60,-6.0,300.0,run_gg_4h_5_-6.0_300.0,40000,64718776,complete,40000,0.0067924,/home/apapaefs/Projects/QuadrupleHiggsAnalysis/MG5_aMC_v3_5_15/gg_4h_c3d4/Events/run_gg_4h_5_-6.0_300.0/unweighted_events.lhe.gz,/home/apapaefs/Projects/QuadrupleHiggsAnalysis/MadGraphCards/c3d4_refinement_40k/logs/worker_11/run_gg_4h_5_-6.0_300.0.log,2026-07-26T22:46:14+00:00,
89,1,9,signal_57,30.0,0.0,run_gg_4h_5_30.0_0.0,40000,498721639,complete,40000,0.252814,/home/apapaefs/Projects/QuadrupleHiggsAnalysis/MG5_aMC_v3_5_15/gg_4h_c3d4/Events/run_gg_4h_5_30.0_0.0/unweighted_events.lhe.gz,/home/apapaefs/Projects/QuadrupleHiggsAnalysis/MadGraphCards/c3d4_refinement_40k/logs/worker_01/run_gg_4h_5_30.0_0.0.log,2026-07-26T22:46:14+00:00,
90,2,9,bridge_60,-9.0,200.0,run_gg_4h_5_-9.0_200.0,40000,220463390,complete,40000,0.0087747,/home/apapaefs/Projects/QuadrupleHiggsAnalysis/MG5_aMC_v3_5_15/gg_4h_c3d4/Events/run_gg_4h_5_-9.0_200.0/unweighted_events.lhe.gz,/home/apapaefs/Projects/QuadrupleHiggsAnalysis/MadGraphCards/c3d4_refinement_40k/logs/worker_02/run_gg_4h_5_-9.0_200.0.log,2026-07-26T22:46:15+00:00,
91,3,9,signal_57,0.258819,0.0,run_gg_4h_5_0.258819_0.0,40000,561711552,complete,40000,1.30116e-07,/home/apapaefs/Projects/QuadrupleHiggsAnalysis/MG5_aMC_v3_5_15/gg_4h_c3d4/Events/run_gg_4h_5_0.258819_0.0/unweighted_events.lhe.gz,/home/apapaefs/Projects/QuadrupleHiggsAnalysis/MadGraphCards/c3d4_refinement_40k/logs/worker_03/run_gg_4h_5_0.258819_0.0.log,2026-07-26T22:46:15+00:00,
92,4,9,bridge_60,-12.0,-200.0,run_gg_4h_5_-12.0_-200.0,40000,130041879,complete,40000,0.0042422,/home/apapaefs/Projects/QuadrupleHiggsAnalysis/MG5_aMC_v3_5_15/gg_4h_c3d4/Events/run_gg_4h_5_-12.0_-200.0/unweighted_events.lhe.gz,/home/apapaefs/Projects/QuadrupleHiggsAnalysis/MadGraphCards/c3d4_refinement_40k/logs/worker_04/run_gg_4h_5_-12.0_-200.0.log,2026-07-26T22:46:16+00:00,
93,5,9,signal_57,-0.707107,0.0,run_gg_4h_5_-0.707107_0.0,40000,146358220,complete,40000,1.5544e-07,/home/apapaefs/Projects/QuadrupleHiggsAnalysis/MG5_aMC_v3_5_15/gg_4h_c3d4/Events/run_gg_4h_5_-0.707107_0.0/unweighted_events.lhe.gz,/home/apapaefs/Projects/QuadrupleHiggsAnalysis/MadGraphCards/c3d4_refinement_40k/logs/worker_05/run_gg_4h_5_-0.707107_0.0.log,2026-07-26T22:46:16+00:00,
94,6,9,bridge_60,12.0,-200.0,run_gg_4h_5_12.0_-200.0,40000,330661102,complete,40000,0.0067182,/home/apapaefs/Projects/QuadrupleHiggsAnalysis/MG5_aMC_v3_5_15/gg_4h_c3d4/Events/run_gg_4h_5_12.0_-200.0/unweighted_events.lhe.gz,/home/apapaefs/Projects/QuadrupleHiggsAnalysis/MadGraphCards/c3d4_refinement_40k/logs/worker_06/run_gg_4h_5_12.0_-200.0.log,2026-07-26T22:46:16+00:00,
95,7,9,signal_57,0.0,-100.0,run_gg_4h_5_0.0_-100.0,40000,444727811,complete,40000,5.5538e-05,/home/apapaefs/Projects/QuadrupleHiggsAnalysis/MG5_aMC_v3_5_15/gg_4h_c3d4/Events/run_gg_4h_5_0.0_-100.0/unweighted_events.lhe.gz,/home/apapaefs/Projects/QuadrupleHiggsAnalysis/MadGraphCards/c3d4_refinement_40k/logs/worker_07/run_gg_4h_5_0.0_-100.0.log,2026-07-26T22:46:17+00:00,
96,8,9,signal_57,-0.866025,100.0,run_gg_4h_5_-0.866025_100.0,40000,685803756,complete,40000,5.7057e-05,/home/apapaefs/Projects/QuadrupleHiggsAnalysis/MG5_aMC_v3_5_15/gg_4h_c3d4/Events/run_gg_4h_5_-0.866025_100.0/unweighted_events.lhe.gz,/home/apapaefs/Projects/QuadrupleHiggsAnalysis/MadGraphCards/c3d4_refinement_40k/logs/worker_08/run_gg_4h_5_-0.866025_100.0.log,2026-07-26T22:46:17+00:00,
97,9,9,signal_57,0.965926,0.0,run_gg_4h_5_0.965926_0.0,40000,87456427,complete,40000,2.08783e-07,/home/apapaefs/Projects/QuadrupleHiggsAnalysis/MG5_aMC_v3_5_15/gg_4h_c3d4/Events/run_gg_4h_5_0.965926_0.0/unweighted_events.lhe.gz,/home/apapaefs/Projects/QuadrupleHiggsAnalysis/MadGraphCards/c3d4_refinement_40k/logs/worker_09/run_gg_4h_5_0.965926_0.0.log,2026-07-26T22:46:17+00:00,
98,10,9,bridge_60,3.0,-100.0,run_gg_4h_5_3.0_-100.0,40000,636370937,complete,40000,0.000240602,/home/apapaefs/Projects/QuadrupleHiggsAnalysis/MG5_aMC_v3_5_15/gg_4h_c3d4/Events/run_gg_4h_5_3.0_-100.0/unweighted_events.lhe.gz,/home/apapaefs/Projects/QuadrupleHiggsAnalysis/MadGraphCards/c3d4_refinement_40k/logs/worker_10/run_gg_4h_5_3.0_-100.0.log,2026-07-26T22:46:18+00:00,
99,11,9,bridge_60,-12.0,-300.0,run_gg_4h_5_-12.0_-300.0,40000,460393309,complete,40000,0.0129573,/home/apapaefs/Projects/QuadrupleHiggsAnalysis/MG5_aMC_v3_5_15/gg_4h_c3d4/Events/run_gg_4h_5_-12.0_-300.0/unweighted_events.lhe.gz,/home/apapaefs/Projects/QuadrupleHiggsAnalysis/MadGraphCards/c3d4_refinement_40k/logs/worker_11/run_gg_4h_5_-12.0_-300.0.log,2026-07-26T22:46:18+00:00,
100,1,10,bridge_60,0.0,-200.0,run_gg_4h_5_0.0_-200.0,40000,45514791,complete,40000,0.000212381,/home/apapaefs/Projects/QuadrupleHiggsAnalysis/MG5_aMC_v3_5_15/gg_4h_c3d4/Events/run_gg_4h_5_0.0_-200.0/unweighted_events.lhe.gz,/home/apapaefs/Projects/QuadrupleHiggsAnalysis/MadGraphCards/c3d4_refinement_40k/logs/worker_01/run_gg_4h_5_0.0_-200.0.log,2026-07-26T22:46:18+00:00,
101,2,10,signal_57,21.2132,700.0,run_gg_4h_5_21.2132_700.0,40000,189335385,complete,40000,0.61807,/home/apapaefs/Projects/QuadrupleHiggsAnalysis/MG5_aMC_v3_5_15/gg_4h_c3d4/Events/run_gg_4h_5_21.2132_700.0/unweighted_events.lhe.gz,/home/apapaefs/Projects/QuadrupleHiggsAnalysis/MadGraphCards/c3d4_refinement_40k/logs/worker_02/run_gg_4h_5_21.2132_700.0.log,2026-07-26T22:46:19+00:00,
102,3,10,signal_57,0.707107,0.0,run_gg_4h_5_0.707107_0.0,40000,796322513,complete,40000,1.66874e-07,/home/apapaefs/Projects/QuadrupleHiggsAnalysis/MG5_aMC_v3_5_15/gg_4h_c3d4/Events/run_gg_4h_5_0.707107_0.0/unweighted_events.lhe.gz,/home/apapaefs/Projects/QuadrupleHiggsAnalysis/MadGraphCards/c3d4_refinement_40k/logs/worker_03/run_gg_4h_5_0.707107_0.0.log,2026-07-26T22:46:19+00:00,
103,4,10,signal_57,0.866025,-100.0,run_gg_4h_5_0.866025_-100.0,40000,705184098,complete,40000,7.4277e-05,/home/apapaefs/Projects/QuadrupleHiggsAnalysis/MG5_aMC_v3_5_15/gg_4h_c3d4/Events/run_gg_4h_5_0.866025_-100.0/unweighted_events.lhe.gz,/home/apapaefs/Projects/QuadrupleHiggsAnalysis/MadGraphCards/c3d4_refinement_40k/logs/worker_04/run_gg_4h_5_0.866025_-100.0.log,2026-07-26T22:46:19+00:00,
104,5,10,bridge_60,3.0,-200.0,run_gg_4h_5_3.0_-200.0,40000,666558968,complete,40000,0.00091894,/home/apapaefs/Projects/QuadrupleHiggsAnalysis/MG5_aMC_v3_5_15/gg_4h_c3d4/Events/run_gg_4h_5_3.0_-200.0/unweighted_events.lhe.gz,/home/apapaefs/Projects/QuadrupleHiggsAnalysis/MadGraphCards/c3d4_refinement_40k/logs/worker_05/run_gg_4h_5_3.0_-200.0.log,2026-07-26T22:46:20+00:00,
105,6,10,bridge_60,-6.0,-300.0,run_gg_4h_5_-6.0_-300.0,40000,785169459,complete,40000,0.0051979,/home/apapaefs/Projects/QuadrupleHiggsAnalysis/MG5_aMC_v3_5_15/gg_4h_c3d4/Events/run_gg_4h_5_-6.0_-300.0/unweighted_events.lhe.gz,/home/apapaefs/Projects/QuadrupleHiggsAnalysis/MadGraphCards/c3d4_refinement_40k/logs/worker_06/run_gg_4h_5_-6.0_-300.0.log,2026-07-26T22:46:20+00:00,
106,7,10,signal_57,0.0,700.0,run_gg_4h_5_0.0_700.0,40000,484294437,complete,40000,0.0024609,/home/apapaefs/Projects/QuadrupleHiggsAnalysis/MG5_aMC_v3_5_15/gg_4h_c3d4/Events/run_gg_4h_5_0.0_700.0/unweighted_events.lhe.gz,/home/apapaefs/Projects/QuadrupleHiggsAnalysis/MadGraphCards/c3d4_refinement_40k/logs/worker_07/run_gg_4h_5_0.0_700.0.log,2026-07-26T22:46:20+00:00,
107,8,10,bridge_60,-3.0,-200.0,run_gg_4h_5_-3.0_-200.0,40000,743327470,complete,40000,0.00076345,/home/apapaefs/Projects/QuadrupleHiggsAnalysis/MG5_aMC_v3_5_15/gg_4h_c3d4/Events/run_gg_4h_5_-3.0_-200.0/unweighted_events.lhe.gz,/home/apapaefs/Projects/QuadrupleHiggsAnalysis/MadGraphCards/c3d4_refinement_40k/logs/worker_08/run_gg_4h_5_-3.0_-200.0.log,2026-07-26T22:46:21+00:00,
108,9,10,bridge_60,-3.0,300.0,run_gg_4h_5_-3.0_300.0,40000,101925976,complete,40000,0.00182442,/home/apapaefs/Projects/QuadrupleHiggsAnalysis/MG5_aMC_v3_5_15/gg_4h_c3d4/Events/run_gg_4h_5_-3.0_300.0/unweighted_events.lhe.gz,/home/apapaefs/Projects/QuadrupleHiggsAnalysis/MadGraphCards/c3d4_refinement_40k/logs/worker_09/run_gg_4h_5_-3.0_300.0.log,2026-07-26T22:46:21+00:00,
109,10,10,signal_57,0.5,70.7107,run_gg_4h_5_0.5_70.7107,40000,558405449,complete,40000,2.48359e-05,/home/apapaefs/Projects/QuadrupleHiggsAnalysis/MG5_aMC_v3_5_15/gg_4h_c3d4/Events/run_gg_4h_5_0.5_70.7107/unweighted_events.lhe.gz,/home/apapaefs/Projects/QuadrupleHiggsAnalysis/MadGraphCards/c3d4_refinement_40k/logs/worker_10/run_gg_4h_5_0.5_70.7107.log,2026-07-26T22:46:22+00:00,
110,11,10,signal_57,30.0,-700.0,run_gg_4h_5_30.0_-700.0,40000,366356411,complete,40000,0.216564,/home/apapaefs/Projects/QuadrupleHiggsAnalysis/MG5_aMC_v3_5_15/gg_4h_c3d4/Events/run_gg_4h_5_30.0_-700.0/unweighted_events.lhe.gz,/home/apapaefs/Projects/QuadrupleHiggsAnalysis/MadGraphCards/c3d4_refinement_40k/logs/worker_11/run_gg_4h_5_30.0_-700.0.log,2026-07-26T22:46:22+00:00,
111,1,11,bridge_60,6.0,200.0,run_gg_4h_5_6.0_200.0,40000,835248196,complete,40000,0.0029531,/home/apapaefs/Projects/QuadrupleHiggsAnalysis/MG5_aMC_v3_5_15/gg_4h_c3d4/Events/run_gg_4h_5_6.0_200.0/unweighted_events.lhe.gz,/home/apapaefs/Projects/QuadrupleHiggsAnalysis/MadGraphCards/c3d4_refinement_40k/logs/worker_01/run_gg_4h_5_6.0_200.0.log,2026-07-26T22:46:22+00:00,
112,2,11,bridge_60,9.0,-300.0,run_gg_4h_5_9.0_-300.0,40000,473292992,complete,40000,0.0118844,/home/apapaefs/Projects/QuadrupleHiggsAnalysis/MG5_aMC_v3_5_15/gg_4h_c3d4/Events/run_gg_4h_5_9.0_-300.0/unweighted_events.lhe.gz,/home/apapaefs/Projects/QuadrupleHiggsAnalysis/MadGraphCards/c3d4_refinement_40k/logs/worker_02/run_gg_4h_5_9.0_-300.0.log,2026-07-26T22:46:23+00:00,
113,3,11,bridge_60,3.0,200.0,run_gg_4h_5_3.0_200.0,40000,893397772,complete,40000,0.00084349,/home/apapaefs/Projects/QuadrupleHiggsAnalysis/MG5_aMC_v3_5_15/gg_4h_c3d4/Events/run_gg_4h_5_3.0_200.0/unweighted_events.lhe.gz,/home/apapaefs/Projects/QuadrupleHiggsAnalysis/MadGraphCards/c3d4_refinement_40k/logs/worker_03/run_gg_4h_5_3.0_200.0.log,2026-07-26T22:46:23+00:00,
114,4,11,bridge_60,12.0,-300.0,run_gg_4h_5_12.0_-300.0,40000,884586536,complete,40000,0.0175792,/home/apapaefs/Projects/QuadrupleHiggsAnalysis/MG5_aMC_v3_5_15/gg_4h_c3d4/Events/run_gg_4h_5_12.0_-300.0/unweighted_events.lhe.gz,/home/apapaefs/Projects/QuadrupleHiggsAnalysis/MadGraphCards/c3d4_refinement_40k/logs/worker_04/run_gg_4h_5_12.0_-300.0.log,2026-07-26T22:46:23+00:00,
115,5,11,signal_57,0.0,0.0,run_gg_4h_5_0.0_0.0,40000,875559765,complete,40000,1.2451e-07,/home/apapaefs/Projects/QuadrupleHiggsAnalysis/MG5_aMC_v3_5_15/gg_4h_c3d4/Events/run_gg_4h_5_0.0_0.0/unweighted_events.lhe.gz,/home/apapaefs/Projects/QuadrupleHiggsAnalysis/MadGraphCards/c3d4_refinement_40k/logs/worker_05/run_gg_4h_5_0.0_0.0.log,2026-07-26T22:46:24+00:00,
116,6,11,signal_57,0.5,0.0,run_gg_4h_5_0.5_0.0,40000,873935250,complete,40000,1.45028e-07,/home/apapaefs/Projects/QuadrupleHiggsAnalysis/MG5_aMC_v3_5_15/gg_4h_c3d4/Events/run_gg_4h_5_0.5_0.0/unweighted_events.lhe.gz,/home/apapaefs/Projects/QuadrupleHiggsAnalysis/MadGraphCards/c3d4_refinement_40k/logs/worker_06/run_gg_4h_5_0.5_0.0.log,2026-07-26T22:46:24+00:00,
117,7,11,signal_57,-1.0,100.0,run_gg_4h_5_-1.0_100.0,40000,687277934,complete,40000,6.1146e-05,/home/apapaefs/Projects/QuadrupleHiggsAnalysis/MG5_aMC_v3_5_15/gg_4h_c3d4/Events/run_gg_4h_5_-1.0_100.0/unweighted_events.lhe.gz,/home/apapaefs/Projects/QuadrupleHiggsAnalysis/MadGraphCards/c3d4_refinement_40k/logs/worker_07/run_gg_4h_5_-1.0_100.0.log,2026-07-26T22:46:24+00:00,
118,8,11,signal_57,15.0,0.0,run_gg_4h_5_15.0_0.0,40000,844188483,complete,40000,0.003566,/home/apapaefs/Projects/QuadrupleHiggsAnalysis/MG5_aMC_v3_5_15/gg_4h_c3d4/Events/run_gg_4h_5_15.0_0.0/unweighted_events.lhe.gz,/home/apapaefs/Projects/QuadrupleHiggsAnalysis/MadGraphCards/c3d4_refinement_40k/logs/worker_08/run_gg_4h_5_15.0_0.0.log,2026-07-26T22:46:25+00:00,
119,9,11,signal_57,-0.5,-100.0,run_gg_4h_5_-0.5_-100.0,40000,53364181,complete,40000,5.7818e-05,/home/apapaefs/Projects/QuadrupleHiggsAnalysis/MG5_aMC_v3_5_15/gg_4h_c3d4/Events/run_gg_4h_5_-0.5_-100.0/unweighted_events.lhe.gz,/home/apapaefs/Projects/QuadrupleHiggsAnalysis/MadGraphCards/c3d4_refinement_40k/logs/worker_09/run_gg_4h_5_-0.5_-100.0.log,2026-07-26T22:46:25+00:00,
120,10,11,signal_57,1.0,0.0,run_gg_4h_5_1.0_0.0,40000,749182443,complete,40000,2.16409e-07,/home/apapaefs/Projects/QuadrupleHiggsAnalysis/MG5_aMC_v3_5_15/gg_4h_c3d4/Events/run_gg_4h_5_1.0_0.0/unweighted_events.lhe.gz,/home/apapaefs/Projects/QuadrupleHiggsAnalysis/MadGraphCards/c3d4_refinement_40k/logs/worker_10/run_gg_4h_5_1.0_0.0.log,2026-07-26T22:46:25+00:00,
121,11,11,bridge_60,9.0,300.0,run_gg_4h_5_9.0_300.0,40000,229074911,complete,40000,0.0155688,/home/apapaefs/Projects/QuadrupleHiggsAnalysis/MG5_aMC_v3_5_15/gg_4h_c3d4/Events/run_gg_4h_5_9.0_300.0/unweighted_events.lhe.gz,/home/apapaefs/Projects/QuadrupleHiggsAnalysis/MadGraphCards/c3d4_refinement_40k/logs/worker_11/run_gg_4h_5_9.0_300.0.log,2026-07-26T22:46:26+00:00,
122,1,12,signal_57,-1.0,-100.0,run_gg_4h_5_-1.0_-100.0,40000,12122075,complete,40000,6.8746e-05,/home/apapaefs/Projects/QuadrupleHiggsAnalysis/MG5_aMC_v3_5_15/gg_4h_c3d4/Events/run_gg_4h_5_-1.0_-100.0/unweighted_events.lhe.gz,/home/apapaefs/Projects/QuadrupleHiggsAnalysis/MadGraphCards/c3d4_refinement_40k/logs/worker_01/run_gg_4h_5_-1.0_-100.0.log,2026-07-26T22:46:26+00:00,
123,2,12,bridge_60,12.0,100.0,run_gg_4h_5_12.0_100.0,40000,591061331,complete,40000,0.0058956,/home/apapaefs/Projects/QuadrupleHiggsAnalysis/MG5_aMC_v3_5_15/gg_4h_c3d4/Events/run_gg_4h_5_12.0_100.0/unweighted_events.lhe.gz,/home/apapaefs/Projects/QuadrupleHiggsAnalysis/MadGraphCards/c3d4_refinement_40k/logs/worker_02/run_gg_4h_5_12.0_100.0.log,2026-07-26T22:46:26+00:00,
124,3,12,bridge_60,6.0,-100.0,run_gg_4h_5_6.0_-100.0,40000,715495697,complete,40000,0.00067436,/home/apapaefs/Projects/QuadrupleHiggsAnalysis/MG5_aMC_v3_5_15/gg_4h_c3d4/Events/run_gg_4h_5_6.0_-100.0/unweighted_events.lhe.gz,/home/apapaefs/Projects/QuadrupleHiggsAnalysis/MadGraphCards/c3d4_refinement_40k/logs/worker_03/run_gg_4h_5_6.0_-100.0.log,2026-07-26T22:46:27+00:00,
125,4,12,bridge_60,-3.0,-300.0,run_gg_4h_5_-3.0_-300.0,40000,648757177,complete,40000,0.00173933,/home/apapaefs/Projects/QuadrupleHiggsAnalysis/MG5_aMC_v3_5_15/gg_4h_c3d4/Events/run_gg_4h_5_-3.0_-300.0/unweighted_events.lhe.gz,/home/apapaefs/Projects/QuadrupleHiggsAnalysis/MadGraphCards/c3d4_refinement_40k/logs/worker_04/run_gg_4h_5_-3.0_-300.0.log,2026-07-26T22:46:27+00:00,
126,5,12,bridge_60,0.0,200.0,run_gg_4h_5_0.0_200.0,40000,387401498,complete,40000,0.000194625,/home/apapaefs/Projects/QuadrupleHiggsAnalysis/MG5_aMC_v3_5_15/gg_4h_c3d4/Events/run_gg_4h_5_0.0_200.0/unweighted_events.lhe.gz,/home/apapaefs/Projects/QuadrupleHiggsAnalysis/MadGraphCards/c3d4_refinement_40k/logs/worker_05/run_gg_4h_5_0.0_200.0.log,2026-07-26T22:46:27+00:00,
127,6,12,signal_57,-0.5,-70.7107,run_gg_4h_5_-0.5_-70.7107,40000,636722009,complete,40000,2.9841e-05,/home/apapaefs/Projects/QuadrupleHiggsAnalysis/MG5_aMC_v3_5_15/gg_4h_c3d4/Events/run_gg_4h_5_-0.5_-70.7107/unweighted_events.lhe.gz,/home/apapaefs/Projects/QuadrupleHiggsAnalysis/MadGraphCards/c3d4_refinement_40k/logs/worker_06/run_gg_4h_5_-0.5_-70.7107.log,2026-07-26T22:46:28+00:00,
128,7,12,signal_57,1.0,100.0,run_gg_4h_5_1.0_100.0,40000,740689540,complete,40000,6.4932e-05,/home/apapaefs/Projects/QuadrupleHiggsAnalysis/MG5_aMC_v3_5_15/gg_4h_c3d4/Events/run_gg_4h_5_1.0_100.0/unweighted_events.lhe.gz,/home/apapaefs/Projects/QuadrupleHiggsAnalysis/MadGraphCards/c3d4_refinement_40k/logs/worker_07/run_gg_4h_5_1.0_100.0.log,2026-07-26T22:46:28+00:00,
129,8,12,bridge_60,9.0,100.0,run_gg_4h_5_9.0_100.0,40000,297044111,complete,40000,0.0022836,/home/apapaefs/Projects/QuadrupleHiggsAnalysis/MG5_aMC_v3_5_15/gg_4h_c3d4/Events/run_gg_4h_5_9.0_100.0/unweighted_events.lhe.gz,/home/apapaefs/Projects/QuadrupleHiggsAnalysis/MadGraphCards/c3d4_refinement_40k/logs/worker_08/run_gg_4h_5_9.0_100.0.log,2026-07-26T22:46:28+00:00,
130,9,12,bridge_60,-9.0,300.0,run_gg_4h_5_-9.0_300.0,40000,561988763,complete,40000,0.0172809,/home/apapaefs/Projects/QuadrupleHiggsAnalysis/MG5_aMC_v3_5_15/gg_4h_c3d4/Events/run_gg_4h_5_-9.0_300.0/unweighted_events.lhe.gz,/home/apapaefs/Projects/QuadrupleHiggsAnalysis/MadGraphCards/c3d4_refinement_40k/logs/worker_09/run_gg_4h_5_-9.0_300.0.log,2026-07-26T22:46:29+00:00,
131,10,12,bridge_60,-3.0,200.0,run_gg_4h_5_-3.0_200.0,40000,72422860,complete,40000,0.00081743,/home/apapaefs/Projects/QuadrupleHiggsAnalysis/MG5_aMC_v3_5_15/gg_4h_c3d4/Events/run_gg_4h_5_-3.0_200.0/unweighted_events.lhe.gz,/home/apapaefs/Projects/QuadrupleHiggsAnalysis/MadGraphCards/c3d4_refinement_40k/logs/worker_10/run_gg_4h_5_-3.0_200.0.log,2026-07-26T22:46:29+00:00,
132,11,12,signal_57,-30.0,700.0,run_gg_4h_5_-30.0_700.0,40000,505305167,complete,40000,2.13155,/home/apapaefs/Projects/QuadrupleHiggsAnalysis/MG5_aMC_v3_5_15/gg_4h_c3d4/Events/run_gg_4h_5_-30.0_700.0/unweighted_events.lhe.gz,/home/apapaefs/Projects/QuadrupleHiggsAnalysis/MadGraphCards/c3d4_refinement_40k/logs/worker_11/run_gg_4h_5_-30.0_700.0.log,2026-07-26T22:46:30+00:00,
133,1,13,bridge_60,-6.0,-100.0,run_gg_4h_5_-6.0_-100.0,40000,66213769,complete,40000,0.00044799,/home/apapaefs/Projects/QuadrupleHiggsAnalysis/MG5_aMC_v3_5_15/gg_4h_c3d4/Events/run_gg_4h_5_-6.0_-100.0/unweighted_events.lhe.gz,/home/apapaefs/Projects/QuadrupleHiggsAnalysis/MadGraphCards/c3d4_refinement_40k/logs/worker_01/run_gg_4h_5_-6.0_-100.0.log,2026-07-26T22:46:30+00:00,
134,2,13,bridge_60,3.0,300.0,run_gg_4h_5_3.0_300.0,40000,558570611,complete,40000,0.00192724,/home/apapaefs/Projects/QuadrupleHiggsAnalysis/MG5_aMC_v3_5_15/gg_4h_c3d4/Events/run_gg_4h_5_3.0_300.0/unweighted_events.lhe.gz,/home/apapaefs/Projects/QuadrupleHiggsAnalysis/MadGraphCards/c3d4_refinement_40k/logs/worker_02/run_gg_4h_5_3.0_300.0.log,2026-07-26T22:46:30+00:00,
135,3,13,signal_57,0.866025,100.0,run_gg_4h_5_0.866025_100.0,40000,557453833,complete,40000,6.0665e-05,/home/apapaefs/Projects/QuadrupleHiggsAnalysis/MG5_aMC_v3_5_15/gg_4h_c3d4/Events/run_gg_4h_5_0.866025_100.0/unweighted_events.lhe.gz,/home/apapaefs/Projects/QuadrupleHiggsAnalysis/MadGraphCards/c3d4_refinement_40k/logs/worker_03/run_gg_4h_5_0.866025_100.0.log,2026-07-26T22:46:31+00:00,
136,4,13,signal_57,0.0,70.7107,run_gg_4h_5_0.0_70.7107,40000,641742682,complete,40000,2.24024e-05,/home/apapaefs/Projects/QuadrupleHiggsAnalysis/MG5_aMC_v3_5_15/gg_4h_c3d4/Events/run_gg_4h_5_0.0_70.7107/unweighted_events.lhe.gz,/home/apapaefs/Projects/QuadrupleHiggsAnalysis/MadGraphCards/c3d4_refinement_40k/logs/worker_04/run_gg_4h_5_0.0_70.7107.log,2026-07-26T22:46:31+00:00,
137,5,13,bridge_60,-6.0,0.0,run_gg_4h_5_-6.0_0.0,40000,63710474,complete,40000,5.2721e-05,/home/apapaefs/Projects/QuadrupleHiggsAnalysis/MG5_aMC_v3_5_15/gg_4h_c3d4/Events/run_gg_4h_5_-6.0_0.0/unweighted_events.lhe.gz,/home/apapaefs/Projects/QuadrupleHiggsAnalysis/MadGraphCards/c3d4_refinement_40k/logs/worker_05/run_gg_4h_5_-6.0_0.0.log,2026-07-26T22:46:31+00:00,
138,6,13,bridge_60,6.0,300.0,run_gg_4h_5_6.0_300.0,40000,620854294,complete,40000,0.0065339,/home/apapaefs/Projects/QuadrupleHiggsAnalysis/MG5_aMC_v3_5_15/gg_4h_c3d4/Events/run_gg_4h_5_6.0_300.0/unweighted_events.lhe.gz,/home/apapaefs/Projects/QuadrupleHiggsAnalysis/MadGraphCards/c3d4_refinement_40k/logs/worker_06/run_gg_4h_5_6.0_300.0.log,2026-07-26T22:46:32+00:00,
139,7,13,signal_57,0.866025,70.7107,run_gg_4h_5_0.866025_70.7107,40000,875297764,complete,40000,2.9078e-05,/home/apapaefs/Projects/QuadrupleHiggsAnalysis/MG5_aMC_v3_5_15/gg_4h_c3d4/Events/run_gg_4h_5_0.866025_70.7107/unweighted_events.lhe.gz,/home/apapaefs/Projects/QuadrupleHiggsAnalysis/MadGraphCards/c3d4_refinement_40k/logs/worker_07/run_gg_4h_5_0.866025_70.7107.log,2026-07-26T22:46:32+00:00,
140,8,13,signal_57,-30.0,-700.0,run_gg_4h_5_-30.0_-700.0,40000,61689799,complete,40000,0.142181,/home/apapaefs/Projects/QuadrupleHiggsAnalysis/MG5_aMC_v3_5_15/gg_4h_c3d4/Events/run_gg_4h_5_-30.0_-700.0/unweighted_events.lhe.gz,/home/apapaefs/Projects/QuadrupleHiggsAnalysis/MadGraphCards/c3d4_refinement_40k/logs/worker_08/run_gg_4h_5_-30.0_-700.0.log,2026-07-26T22:46:32+00:00,
141,9,13,signal_57,-1.0,-70.7107,run_gg_4h_5_-1.0_-70.7107,40000,257330847,complete,40000,3.53214e-05,/home/apapaefs/Projects/QuadrupleHiggsAnalysis/MG5_aMC_v3_5_15/gg_4h_c3d4/Events/run_gg_4h_5_-1.0_-70.7107/unweighted_events.lhe.gz,/home/apapaefs/Projects/QuadrupleHiggsAnalysis/MadGraphCards/c3d4_refinement_40k/logs/worker_09/run_gg_4h_5_-1.0_-70.7107.log,2026-07-26T22:46:33+00:00,
142,10,13,signal_57,0.0,100.0,run_gg_4h_5_0.0_100.0,40000,643841641,complete,40000,4.6539e-05,/home/apapaefs/Projects/QuadrupleHiggsAnalysis/MG5_aMC_v3_5_15/gg_4h_c3d4/Events/run_gg_4h_5_0.0_100.0/unweighted_events.lhe.gz,/home/apapaefs/Projects/QuadrupleHiggsAnalysis/MadGraphCards/c3d4_refinement_40k/logs/worker_10/run_gg_4h_5_0.0_100.0.log,2026-07-26T22:46:33+00:00,
143,11,13,bridge_60,-3.0,0.0,run_gg_4h_5_-3.0_0.0,40000,664491988,complete,40000,2.27616e-06,/home/apapaefs/Projects/QuadrupleHiggsAnalysis/MG5_aMC_v3_5_15/gg_4h_c3d4/Events/run_gg_4h_5_-3.0_0.0/unweighted_events.lhe.gz,/home/apapaefs/Projects/QuadrupleHiggsAnalysis/MadGraphCards/c3d4_refinement_40k/logs/worker_11/run_gg_4h_5_-3.0_0.0.log,2026-07-26T22:46:33+00:00,
144,1,14,bridge_60,-9.0,-100.0,run_gg_4h_5_-9.0_-100.0,40000,455347086,complete,40000,0.00057113,/home/apapaefs/Projects/QuadrupleHiggsAnalysis/MG5_aMC_v3_5_15/gg_4h_c3d4/Events/run_gg_4h_5_-9.0_-100.0/unweighted_events.lhe.gz,/home/apapaefs/Projects/QuadrupleHiggsAnalysis/MadGraphCards/c3d4_refinement_40k/logs/worker_01/run_gg_4h_5_-9.0_-100.0.log,2026-07-26T22:46:34+00:00,
145,2,14,bridge_60,-9.0,-200.0,run_gg_4h_5_-9.0_-200.0,40000,338362819,complete,40000,0.0036038,/home/apapaefs/Projects/QuadrupleHiggsAnalysis/MG5_aMC_v3_5_15/gg_4h_c3d4/Events/run_gg_4h_5_-9.0_-200.0/unweighted_events.lhe.gz,/home/apapaefs/Projects/QuadrupleHiggsAnalysis/MadGraphCards/c3d4_refinement_40k/logs/worker_02/run_gg_4h_5_-9.0_-200.0.log,2026-07-26T22:46:34+00:00,
146,3,14,bridge_60,0.0,300.0,run_gg_4h_5_0.0_300.0,40000,117620623,complete,40000,0.0004456,/home/apapaefs/Projects/QuadrupleHiggsAnalysis/MG5_aMC_v3_5_15/gg_4h_c3d4/Events/run_gg_4h_5_0.0_300.0/unweighted_events.lhe.gz,/home/apapaefs/Projects/QuadrupleHiggsAnalysis/MadGraphCards/c3d4_refinement_40k/logs/worker_03/run_gg_4h_5_0.0_300.0.log,2026-07-26T22:46:34+00:00,
147,4,14,signal_57,-0.5,70.7107,run_gg_4h_5_-0.5_70.7107,40000,570364041,complete,40000,2.3957e-05,/home/apapaefs/Projects/QuadrupleHiggsAnalysis/MG5_aMC_v3_5_15/gg_4h_c3d4/Events/run_gg_4h_5_-0.5_70.7107/unweighted_events.lhe.gz,/home/apapaefs/Projects/QuadrupleHiggsAnalysis/MadGraphCards/c3d4_refinement_40k/logs/worker_04/run_gg_4h_5_-0.5_70.7107.log,2026-07-26T22:46:35+00:00,
148,5,14,bridge_60,-9.0,0.0,run_gg_4h_5_-9.0_0.0,40000,487040081,complete,40000,0.00042834,/home/apapaefs/Projects/QuadrupleHiggsAnalysis/MG5_aMC_v3_5_15/gg_4h_c3d4/Events/run_gg_4h_5_-9.0_0.0/unweighted_events.lhe.gz,/home/apapaefs/Projects/QuadrupleHiggsAnalysis/MadGraphCards/c3d4_refinement_40k/logs/worker_05/run_gg_4h_5_-9.0_0.0.log,2026-07-26T22:46:35+00:00,
149,6,14,signal_57,25.9808,0.0,run_gg_4h_5_25.9808_0.0,40000,390652433,complete,40000,0.10449,/home/apapaefs/Projects/QuadrupleHiggsAnalysis/MG5_aMC_v3_5_15/gg_4h_c3d4/Events/run_gg_4h_5_25.9808_0.0/unweighted_events.lhe.gz,/home/apapaefs/Projects/QuadrupleHiggsAnalysis/MadGraphCards/c3d4_refinement_40k/logs/worker_06/run_gg_4h_5_25.9808_0.0.log,2026-07-26T22:46:35+00:00,
150,7,14,signal_57,1.0,-100.0,run_gg_4h_5_1.0_-100.0,40000,245731770,complete,40000,7.946e-05,/home/apapaefs/Projects/QuadrupleHiggsAnalysis/MG5_aMC_v3_5_15/gg_4h_c3d4/Events/run_gg_4h_5_1.0_-100.0/unweighted_events.lhe.gz,/home/apapaefs/Projects/QuadrupleHiggsAnalysis/MadGraphCards/c3d4_refinement_40k/logs/worker_07/run_gg_4h_5_1.0_-100.0.log,2026-07-26T22:46:36+00:00,
151,8,14,signal_57,-1.0,0.0,run_gg_4h_5_-1.0_0.0,40000,172050457,complete,40000,1.92947e-07,/home/apapaefs/Projects/QuadrupleHiggsAnalysis/MG5_aMC_v3_5_15/gg_4h_c3d4/Events/run_gg_4h_5_-1.0_0.0/unweighted_events.lhe.gz,/home/apapaefs/Projects/QuadrupleHiggsAnalysis/MadGraphCards/c3d4_refinement_40k/logs/worker_08/run_gg_4h_5_-1.0_0.0.log,2026-07-26T22:46:36+00:00,
152,9,14,bridge_60,6.0,100.0,run_gg_4h_5_6.0_100.0,40000,335132079,complete,40000,0.00077832,/home/apapaefs/Projects/QuadrupleHiggsAnalysis/MG5_aMC_v3_5_15/gg_4h_c3d4/Events/run_gg_4h_5_6.0_100.0/unweighted_events.lhe.gz,/home/apapaefs/Projects/QuadrupleHiggsAnalysis/MadGraphCards/c3d4_refinement_40k/logs/worker_09/run_gg_4h_5_6.0_100.0.log,2026-07-26T22:46:36+00:00,
153,10,14,signal_57,0.0,-700.0,run_gg_4h_5_0.0_-700.0,40000,844167848,complete,40000,0.0025227,/home/apapaefs/Projects/QuadrupleHiggsAnalysis/MG5_aMC_v3_5_15/gg_4h_c3d4/Events/run_gg_4h_5_0.0_-700.0/unweighted_events.lhe.gz,/home/apapaefs/Projects/QuadrupleHiggsAnalysis/MadGraphCards/c3d4_refinement_40k/logs/worker_10/run_gg_4h_5_0.0_-700.0.log,2026-07-26T22:46:37+00:00,
