index,c3,d4,run_name,target_events,herwig_generated_events,mg5_xsec_pb,mg5_xsec_fb,herwig_total_xsec_nb,analysis_xsec_fb,relative_difference,root_bytes,status
1,-10.5,-50.0,run_gg_4h_5_-10.5_-50.0,40000,40000,0.00028816,0.28816,2.8815e-07,0.28815,3.47029428094e-05,35866095,ok
2,-10.5,50.0,run_gg_4h_5_-10.5_50.0,40000,40000,0.00264936,2.64936,2.649e-06,2.649,0.000135881873358,35952132,ok
3,-7.5,-150.0,run_gg_4h_5_-7.5_-150.0,40000,40000,0.00148794,1.48794,1.48794e-06,1.48794,0,36909387,ok
4,-7.5,-50.0,run_gg_4h_5_-7.5_-50.0,40000,40000,9.8406e-05,0.098406,9.8396e-08,0.098396,0.00010161981993,37116667,ok
5,-7.5,50.0,run_gg_4h_5_-7.5_50.0,40000,40000,0.00073499,0.73499,7.3497e-07,0.73497,2.72112545749e-05,36134989,ok
6,-4.5,-150.0,run_gg_4h_5_-4.5_-150.0,40000,40000,0.00076398,0.76398,7.6392e-07,0.76392,7.85360873321e-05,36802554,ok
7,-4.5,50.0,run_gg_4h_5_-4.5_50.0,40000,40000,0.000152746,0.152746,1.5273e-07,0.15273,0.000104749060532,36518893,ok
8,-4.5,150.0,run_gg_4h_5_-4.5_150.0,40000,40000,0.0010138,1.0138,1.0137e-06,1.0137,9.86387847704e-05,36596869,ok
9,-1.5,-250.0,run_gg_4h_5_-1.5_-250.0,40000,40000,0.00053833,0.53833,5.3829e-07,0.53829,7.43038656587e-05,37006089,ok
10,-1.5,-150.0,run_gg_4h_5_-1.5_-150.0,40000,40000,0.000195411,0.195411,1.954e-07,0.1954,5.62916110148e-05,37029011,ok
11,-1.5,150.0,run_gg_4h_5_-1.5_150.0,40000,40000,0.000186214,0.186214,1.862e-07,0.1862,7.51823171189e-05,36970920,ok
12,-1.5,250.0,run_gg_4h_5_-1.5_250.0,40000,40000,0.00052294,0.52294,5.229e-07,0.5229,7.64906107774e-05,37035066,ok
13,1.5,-250.0,run_gg_4h_5_1.5_-250.0,40000,40000,0.00062411,0.62411,6.2409e-07,0.62409,3.20456329812e-05,37089364,ok
14,1.5,-150.0,run_gg_4h_5_1.5_-150.0,40000,40000,0.000230662,0.230662,2.3064e-07,0.23064,9.53776521491e-05,37106587,ok
15,1.5,150.0,run_gg_4h_5_1.5_150.0,40000,40000,0.000201304,0.201304,2.0129e-07,0.20129,6.95465564519e-05,37091337,ok
16,1.5,250.0,run_gg_4h_5_1.5_250.0,40000,40000,0.00057502,0.57502,5.7499e-07,0.57499,5.21720983618e-05,37026870,ok
17,4.5,-150.0,run_gg_4h_5_4.5_-150.0,40000,40000,0.0009745,0.9745,9.744e-07,0.9744,0.000102616726526,36760650,ok
18,4.5,-50.0,run_gg_4h_5_4.5_-50.0,40000,40000,0.000118112,0.118112,1.181e-07,0.1181,0.000101598482796,36850771,ok
19,4.5,50.0,run_gg_4h_5_4.5_50.0,40000,40000,0.000106678,0.106678,1.06673e-07,0.106673,4.68700200603e-05,36666145,ok
20,4.5,150.0,run_gg_4h_5_4.5_150.0,40000,40000,0.00094075,0.94075,9.4075e-07,0.94075,0,36652490,ok
21,7.5,-50.0,run_gg_4h_5_7.5_-50.0,40000,40000,0.000215079,0.215079,2.1505e-07,0.21505,0.000134834177209,37077014,ok
22,7.5,50.0,run_gg_4h_5_7.5_50.0,40000,40000,0.00044604,0.44604,4.46e-07,0.446,8.96780557797e-05,36199205,ok
23,10.5,-50.0,run_gg_4h_5_10.5_-50.0,40000,40000,0.00029182,0.29182,2.9181e-07,0.29181,3.42676992667e-05,37254112,ok
24,10.5,50.0,run_gg_4h_5_10.5_50.0,40000,40000,0.00155896,1.55896,1.55892e-06,1.55892,2.56581310619e-05,35979010,ok
25,-3.0,-350.0,run_gg_4h_5_-3.0_-350.0,40000,40000,0.0023788,2.3788,2.3786e-06,2.3786,8.40760047082e-05,36785982,ok
26,-3.0,350.0,run_gg_4h_5_-3.0_350.0,40000,40000,0.00247775,2.47775,2.4774e-06,2.4774,0.000141257188982,36731957,ok
27,-1.5,-350.0,run_gg_4h_5_-1.5_-350.0,40000,40000,0.00104798,1.04798,1.04795e-06,1.04795,2.86265005055e-05,37016986,ok
28,-1.5,350.0,run_gg_4h_5_-1.5_350.0,40000,40000,0.00102943,1.02943,1.02938e-06,1.02938,4.85705681786e-05,37085381,ok
29,0.0,-350.0,run_gg_4h_5_0.0_-350.0,40000,40000,0.00064069,0.64069,6.4066e-07,0.64066,4.68245173172e-05,37414837,ok
30,0.0,350.0,run_gg_4h_5_0.0_350.0,40000,40000,0.0006078,0.6078,6.0775e-07,0.60775,8.22639025995e-05,37389986,ok
31,1.5,-350.0,run_gg_4h_5_1.5_-350.0,40000,40000,0.00120906,1.20906,1.20903e-06,1.20903,2.48126643839e-05,37089293,ok
32,1.5,350.0,run_gg_4h_5_1.5_350.0,40000,40000,0.00114209,1.14209,1.1419e-06,1.1419,0.000166361670271,37164572,ok
33,3.0,-350.0,run_gg_4h_5_3.0_-350.0,40000,40000,0.0027611,2.7611,2.7608e-06,2.7608,0.000108652348702,36787973,ok
34,3.0,350.0,run_gg_4h_5_3.0_350.0,40000,40000,0.00263628,2.63628,2.6361e-06,2.6361,6.82780281307e-05,36927990,ok
35,0.0,-250.0,run_gg_4h_5_0.0_-250.0,40000,40000,0.00032928,0.32928,3.2926e-07,0.32926,6.07385811468e-05,37415278,ok
36,0.0,250.0,run_gg_4h_5_0.0_250.0,40000,40000,0.00030721,0.30721,3.0718e-07,0.30718,9.76530711894e-05,37463531,ok
37,6.0,-200.0,run_gg_4h_5_6.0_-200.0,40000,40000,0.0027393,2.7393,2.7392e-06,2.7392,3.65056766328e-05,36752475,ok
38,-0.258819,0.0,run_gg_4h_5_-0.258819_0.0,40000,40000,1.27137e-07,0.000127137,1.2712e-10,0.00012712,0.000133714025028,36709167,ok
39,-0.866025,70.7107,run_gg_4h_5_-0.866025_70.7107,40000,40000,2.77886e-05,0.0277886,2.7787e-08,0.027787,5.75775677796e-05,37216120,ok
40,-0.866025,-100.0,run_gg_4h_5_-0.866025_-100.0,40000,40000,6.4948e-05,0.064948,6.4946e-08,0.064946,3.0793865862e-05,37171789,ok
41,-0.5,0.0,run_gg_4h_5_-0.5_0.0,40000,40000,1.38966e-07,0.000138966,1.3895e-10,0.00013895,0.00011513607645,36550819,ok
42,0.5,-70.7107,run_gg_4h_5_0.5_-70.7107,40000,40000,3.252e-05,0.03252,3.2518e-08,0.032518,6.15006150062e-05,37320285,ok
43,-12.0,100.0,run_gg_4h_5_-12.0_100.0,40000,40000,0.0085026,8.5026,8.501e-06,8.501,0.000188177733869,36039883,ok
44,-12.0,0.0,run_gg_4h_5_-12.0_0.0,40000,40000,0.00202515,2.02515,2.02515e-06,2.02515,0,35587333,ok
45,-12.0,300.0,run_gg_4h_5_-12.0_300.0,40000,40000,0.03687,36.87,3.6868e-05,36.868,5.42446433413e-05,36293173,ok
46,-0.866025,-70.7107,run_gg_4h_5_-0.866025_-70.7107,40000,40000,3.34217e-05,0.0334217,3.342e-08,0.03342,5.08651564702e-05,37216438,ok
47,0.5,100.0,run_gg_4h_5_0.5_100.0,40000,40000,5.1708e-05,0.051708,5.1703e-08,0.051703,9.66968360794e-05,37459068,ok
48,12.0,300.0,run_gg_4h_5_12.0_300.0,40000,40000,0.031597,31.597,3.1595e-05,31.595,6.32971484635e-05,36414313,ok
49,-9.0,-300.0,run_gg_4h_5_-9.0_-300.0,40000,40000,0.0095072,9.5072,9.506e-06,9.506,0.000126220127903,36850456,ok
50,3.0,-300.0,run_gg_4h_5_3.0_-300.0,40000,40000,0.00204688,2.04688,2.0468e-06,2.0468,3.90838739936e-05,36816729,ok
51,30.0,700.0,run_gg_4h_5_30.0_700.0,40000,40000,1.85673,1856.73,0.0018564,1856.4,0.000177731818843,36134778,ok
52,-0.866025,0.0,run_gg_4h_5_-0.866025_0.0,40000,40000,1.73243e-07,0.000173243,1.7321e-10,0.00017321,0.000190483886795,36121736,ok
53,-6.0,-200.0,run_gg_4h_5_-6.0_-200.0,40000,40000,0.00217243,2.17243,2.17238e-06,2.17238,2.30157013114e-05,36758317,ok
54,6.0,-300.0,run_gg_4h_5_6.0_-300.0,40000,40000,0.0062055,6.2055,6.2052e-06,6.2052,4.83442107805e-05,36693369,ok
55,12.0,-100.0,run_gg_4h_5_12.0_-100.0,40000,40000,0.00120182,1.20182,1.20179e-06,1.20179,2.49621407532e-05,37490308,ok
56,1.0,-70.7107,run_gg_4h_5_1.0_-70.7107,40000,40000,4.1491e-05,0.041491,4.1489e-08,0.041489,4.82032247956e-05,37178385,ok
57,-12.0,-100.0,run_gg_4h_5_-12.0_-100.0,40000,40000,0.00060393,0.60393,6.0387e-07,0.60387,9.93492623318e-05,37327526,ok
58,9.0,-200.0,run_gg_4h_5_9.0_-200.0,40000,40000,0.0049952,4.9952,4.995e-06,4.995,4.00384368995e-05,36851912,ok
59,12.0,0.0,run_gg_4h_5_12.0_0.0,40000,40000,0.00092835,0.92835,9.2823e-07,0.92823,0.000129261593149,35577134,ok
60,3.0,100.0,run_gg_4h_5_3.0_100.0,40000,40000,0.000202488,0.202488,2.0247e-07,0.20247,8.88941566907e-05,36851774,ok
61,3.0,0.0,run_gg_4h_5_3.0_0.0,40000,40000,1.71864e-06,0.00171864,1.7185e-09,0.0017185,8.14597588791e-05,36932502,ok
62,12.0,200.0,run_gg_4h_5_12.0_200.0,40000,40000,0.0161285,16.1285,1.6127e-05,16.127,9.30030691013e-05,36312848,ok
63,9.0,0.0,run_gg_4h_5_9.0_0.0,40000,40000,0.000173422,0.173422,1.7341e-07,0.17341,6.91953731363e-05,35789404,ok
64,-21.2132,-700.0,run_gg_4h_5_-21.2132_-700.0,40000,40000,0.180208,180.208,0.00018019,180.19,9.9884577821e-05,37164915,ok
65,-3.0,100.0,run_gg_4h_5_-3.0_100.0,40000,40000,0.000212897,0.212897,2.12892e-07,0.212892,2.34855352587e-05,36662526,ok
66,21.2132,-700.0,run_gg_4h_5_21.2132_-700.0,40000,40000,0.229395,229.395,0.00022938,229.38,6.53893938403e-05,37031460,ok
67,-1.0,70.7107,run_gg_4h_5_-1.0_70.7107,40000,40000,2.9868e-05,0.029868,2.9867e-08,0.029867,3.34806481854e-05,37238842,ok
68,-6.0,100.0,run_gg_4h_5_-6.0_100.0,40000,40000,0.00097855,0.97855,9.7855e-07,0.97855,0,36405846,ok
69,-9.0,100.0,run_gg_4h_5_-9.0_100.0,40000,40000,0.0031567,3.1567,3.1567e-06,3.1567,0,36177081,ok
70,0.0,-70.7107,run_gg_4h_5_0.0_-70.7107,40000,40000,2.8782e-05,0.028782,2.8781e-08,0.028781,3.47439371828e-05,37337672,ok
71,-25.9808,0.0,run_gg_4h_5_-25.9808_0.0,40000,40000,0.157677,157.677,0.00015766,157.66,0.000107815344026,35628603,ok
72,-15.0,0.0,run_gg_4h_5_-15.0_0.0,40000,40000,0.0069571,6.9571,6.9568e-06,6.9568,4.31214155322e-05,35603204,ok
73,-30.0,0.0,run_gg_4h_5_-30.0_0.0,40000,40000,0.36141,361.41,0.00036133,361.33,0.000221355247503,35506955,ok
74,9.0,200.0,run_gg_4h_5_9.0_200.0,40000,40000,0.0074034,7.4034,7.4032e-06,7.4032,2.70146149066e-05,36539984,ok
75,-0.5,100.0,run_gg_4h_5_-0.5_100.0,40000,40000,4.9559e-05,0.049559,4.9553e-08,0.049553,0.000121067818156,37362156,ok
76,6.0,0.0,run_gg_4h_5_6.0_0.0,40000,40000,2.159e-05,0.02159,2.1588e-08,0.021588,9.26354793887e-05,36252726,ok
77,1.0,70.7107,run_gg_4h_5_1.0_70.7107,40000,40000,3.1217e-05,0.031217,3.1216e-08,0.031216,3.20338277221e-05,37231932,ok
78,0.866025,0.0,run_gg_4h_5_0.866025_0.0,40000,40000,1.90849e-07,0.000190849,1.9083e-10,0.00019083,9.9555145691e-05,37657034,ok
79,-3.0,-100.0,run_gg_4h_5_-3.0_-100.0,40000,40000,0.00018597,0.18597,1.8596e-07,0.18596,5.37721137817e-05,36804217,ok
80,-12.0,200.0,run_gg_4h_5_-12.0_200.0,40000,40000,0.0201387,20.1387,2.0137e-05,20.137,8.44145848542e-05,36252470,ok
81,0.866025,-70.7107,run_gg_4h_5_0.866025_-70.7107,40000,40000,3.8668e-05,0.038668,3.8663e-08,0.038663,0.000129305886004,37252092,ok
82,0.0,-300.0,run_gg_4h_5_0.0_-300.0,40000,40000,0.00047199,0.47199,4.7198e-07,0.47198,2.11868895528e-05,37512413,ok
83,0.5,-100.0,run_gg_4h_5_0.5_-100.0,40000,40000,6.2983e-05,0.062983,6.2981e-08,0.062981,3.17546004478e-05,37355854,ok
84,-0.965926,0.0,run_gg_4h_5_-0.965926_0.0,40000,40000,1.88147e-07,0.000188147,1.8812e-10,0.00018812,0.000143504812726,36073740,ok
85,-21.2132,700.0,run_gg_4h_5_-21.2132_700.0,40000,40000,0.68945,689.45,0.00068945,689.45,1.6489497095e-16,36291447,ok
86,-6.0,200.0,run_gg_4h_5_-6.0_200.0,40000,40000,0.0032304,3.2304,3.2302e-06,3.2302,6.19118375433e-05,36521714,ok
87,9.0,-100.0,run_gg_4h_5_9.0_-100.0,40000,40000,0.00107617,1.07617,1.07606e-06,1.07606,0.000102214334167,37173362,ok
88,-6.0,300.0,run_gg_4h_5_-6.0_300.0,40000,40000,0.0067924,6.7924,6.7917e-06,6.7917,0.000103056357105,36549723,ok
89,30.0,0.0,run_gg_4h_5_30.0_0.0,40000,40000,0.252814,252.814,0.00025278,252.78,0.000134486223073,35423715,ok
90,-9.0,200.0,run_gg_4h_5_-9.0_200.0,40000,40000,0.0087747,8.7747,8.7745e-06,8.7745,2.27928020331e-05,36401889,ok
91,0.258819,0.0,run_gg_4h_5_0.258819_0.0,40000,40000,1.30116e-07,0.000130116,1.3011e-10,0.00013011,4.61126994373e-05,37327908,ok
92,-12.0,-200.0,run_gg_4h_5_-12.0_-200.0,40000,40000,0.0042422,4.2422,4.2418e-06,4.2418,9.42906982226e-05,37277447,ok
93,-0.707107,0.0,run_gg_4h_5_-0.707107_0.0,40000,40000,1.5544e-07,0.00015544,1.55436e-10,0.000155436,2.57334019556e-05,36281451,ok
94,12.0,-200.0,run_gg_4h_5_12.0_-200.0,40000,40000,0.0067182,6.7182,6.7175e-06,6.7175,0.000104194575928,37162369,ok
95,0.0,-100.0,run_gg_4h_5_0.0_-100.0,40000,40000,5.5538e-05,0.055538,5.5538e-08,0.055538,0,37406908,ok
96,-0.866025,100.0,run_gg_4h_5_-0.866025_100.0,40000,40000,5.7057e-05,0.057057,5.7053e-08,0.057053,7.01053332632e-05,37207584,ok
97,0.965926,0.0,run_gg_4h_5_0.965926_0.0,40000,40000,2.08783e-07,0.000208783,2.0877e-10,0.00020877,6.22656059164e-05,37704250,ok
98,3.0,-100.0,run_gg_4h_5_3.0_-100.0,40000,40000,0.000240602,0.240602,2.4058e-07,0.24058,9.14373114106e-05,36807595,ok
99,-12.0,-300.0,run_gg_4h_5_-12.0_-300.0,40000,40000,0.0129573,12.9573,1.2956e-05,12.956,0.000100329543964,37113765,ok
100,0.0,-200.0,run_gg_4h_5_0.0_-200.0,40000,40000,0.000212381,0.212381,2.1236e-07,0.21236,9.88789015966e-05,37371430,ok
101,21.2132,700.0,run_gg_4h_5_21.2132_700.0,40000,40000,0.61807,618.07,0.00061798,617.98,0.000145614574401,36459751,ok
102,0.707107,0.0,run_gg_4h_5_0.707107_0.0,40000,40000,1.66874e-07,0.000166874,1.6686e-10,0.00016686,8.38956338315e-05,37578625,ok
103,0.866025,-100.0,run_gg_4h_5_0.866025_-100.0,40000,40000,7.4277e-05,0.074277,7.4273e-08,0.074273,5.38524711551e-05,37250412,ok
104,3.0,-200.0,run_gg_4h_5_3.0_-200.0,40000,40000,0.00091894,0.91894,9.1892e-07,0.91892,2.17642065859e-05,36822964,ok
105,-6.0,-300.0,run_gg_4h_5_-6.0_-300.0,40000,40000,0.0051979,5.1979,5.1975e-06,5.1975,7.69541545624e-05,36686411,ok
106,0.0,700.0,run_gg_4h_5_0.0_700.0,40000,40000,0.0024609,2.4609,2.4606e-06,2.4606,0.000121906619529,37432897,ok
107,-3.0,-200.0,run_gg_4h_5_-3.0_-200.0,40000,40000,0.00076345,0.76345,7.6343e-07,0.76343,2.61968694741e-05,36762317,ok
108,-3.0,300.0,run_gg_4h_5_-3.0_300.0,40000,40000,0.00182442,1.82442,1.8243e-06,1.8243,6.57743282796e-05,36698607,ok
109,0.5,70.7107,run_gg_4h_5_0.5_70.7107,40000,40000,2.48359e-05,0.0248359,2.4833e-08,0.024833,0.000116766455011,37418903,ok
110,30.0,-700.0,run_gg_4h_5_30.0_-700.0,40000,40000,0.216564,216.564,0.000216559,216.559,2.30878631721e-05,37867864,ok
111,6.0,200.0,run_gg_4h_5_6.0_200.0,40000,40000,0.0029531,2.9531,2.953e-06,2.953,3.3862720531e-05,36547667,ok
112,9.0,-300.0,run_gg_4h_5_9.0_-300.0,40000,40000,0.0118844,11.8844,1.1883e-05,11.883,0.000117801487665,36804454,ok
113,3.0,200.0,run_gg_4h_5_3.0_200.0,40000,40000,0.00084349,0.84349,8.4343e-07,0.84343,7.11330306227e-05,36790634,ok
114,12.0,-300.0,run_gg_4h_5_12.0_-300.0,40000,40000,0.0175792,17.5792,1.7578e-05,17.578,6.82624920361e-05,36855482,ok
115,0.0,0.0,run_gg_4h_5_0.0_0.0,40000,40000,1.2451e-07,0.00012451,1.245e-10,0.0001245,8.03148341496e-05,37184963,ok
116,0.5,0.0,run_gg_4h_5_0.5_0.0,40000,40000,1.45028e-07,0.000145028,1.45e-10,0.000145,0.000193066166533,37501691,ok
117,-1.0,100.0,run_gg_4h_5_-1.0_100.0,40000,40000,6.1146e-05,0.061146,6.1143e-08,0.061143,4.90628986361e-05,37168299,ok
118,15.0,0.0,run_gg_4h_5_15.0_0.0,40000,40000,0.003566,3.566,3.5657e-06,3.5657,8.4127874369e-05,35619649,ok
119,-0.5,-100.0,run_gg_4h_5_-0.5_-100.0,40000,40000,5.7818e-05,0.057818,5.7812e-08,0.057812,0.000103773911239,37313841,ok
120,1.0,0.0,run_gg_4h_5_1.0_0.0,40000,40000,2.16409e-07,0.000216409,2.16404e-10,0.000216404,2.31043995396e-05,37604389,ok
121,9.0,300.0,run_gg_4h_5_9.0_300.0,40000,40000,0.0155688,15.5688,1.5568e-05,15.568,5.13848209239e-05,36453193,ok
122,-1.0,-100.0,run_gg_4h_5_-1.0_-100.0,40000,40000,6.8746e-05,0.068746,6.8737e-08,0.068737,0.000130916707881,37286461,ok
123,12.0,100.0,run_gg_4h_5_12.0_100.0,40000,40000,0.0058956,5.8956,5.8955e-06,5.8955,1.6961802022e-05,36103317,ok
124,6.0,-100.0,run_gg_4h_5_6.0_-100.0,40000,40000,0.00067436,0.67436,6.7429e-07,0.67429,0.000103802123495,36832224,ok
125,-3.0,-300.0,run_gg_4h_5_-3.0_-300.0,40000,40000,0.00173933,1.73933,1.7391e-06,1.7391,0.000132234826054,36781523,ok
126,0.0,200.0,run_gg_4h_5_0.0_200.0,40000,40000,0.000194625,0.194625,1.9461e-07,0.19461,7.70712909441e-05,37374339,ok
127,-0.5,-70.7107,run_gg_4h_5_-0.5_-70.7107,40000,40000,2.9841e-05,0.029841,2.984e-08,0.02984,3.35109413223e-05,37413665,ok
128,1.0,100.0,run_gg_4h_5_1.0_100.0,40000,40000,6.4932e-05,0.064932,6.4927e-08,0.064927,7.70036345714e-05,37315821,ok
129,9.0,100.0,run_gg_4h_5_9.0_100.0,40000,40000,0.0022836,2.2836,2.2834e-06,2.2834,8.75810124367e-05,36286146,ok
130,-9.0,300.0,run_gg_4h_5_-9.0_300.0,40000,40000,0.0172809,17.2809,1.7279e-05,17.279,0.000109947977247,36396113,ok
131,-3.0,200.0,run_gg_4h_5_-3.0_200.0,40000,40000,0.00081743,0.81743,8.1739e-07,0.81739,4.89338536634e-05,36667775,ok
132,-30.0,700.0,run_gg_4h_5_-30.0_700.0,40000,40000,2.13155,2131.55,0.0021314,2131.4,7.03713260302e-05,36264026,ok
133,-6.0,-100.0,run_gg_4h_5_-6.0_-100.0,40000,40000,0.00044799,0.44799,4.4796e-07,0.44796,6.69657804862e-05,36906770,ok
134,3.0,300.0,run_gg_4h_5_3.0_300.0,40000,40000,0.00192724,1.92724,1.9271e-06,1.9271,7.26427429899e-05,36783367,ok
135,0.866025,100.0,run_gg_4h_5_0.866025_100.0,40000,40000,6.0665e-05,0.060665,6.0662e-08,0.060662,4.94519080193e-05,37215107,ok
136,0.0,70.7107,run_gg_4h_5_0.0_70.7107,40000,40000,2.24024e-05,0.0224024,2.24e-08,0.0224,0.000107131378781,37401336,ok
137,-6.0,0.0,run_gg_4h_5_-6.0_0.0,40000,40000,5.2721e-05,0.052721,5.2717e-08,0.052717,7.58710950095e-05,35859789,ok
138,6.0,300.0,run_gg_4h_5_6.0_300.0,40000,40000,0.0065339,6.5339,6.5337e-06,6.5337,3.06095899846e-05,36635788,ok
139,0.866025,70.7107,run_gg_4h_5_0.866025_70.7107,40000,40000,2.9078e-05,0.029078,2.9076e-08,0.029076,6.87805213565e-05,37242752,ok
140,-30.0,-700.0,run_gg_4h_5_-30.0_-700.0,40000,40000,0.142181,142.181,0.00014216,142.16,0.000147699059649,38176108,ok
141,-1.0,-70.7107,run_gg_4h_5_-1.0_-70.7107,40000,40000,3.53214e-05,0.0353214,3.5316e-08,0.035316,0.000152881822351,37145198,ok
142,0.0,100.0,run_gg_4h_5_0.0_100.0,40000,40000,4.6539e-05,0.046539,4.6537e-08,0.046537,4.29747093834e-05,37495629,ok
143,-3.0,0.0,run_gg_4h_5_-3.0_0.0,40000,40000,2.27616e-06,0.00227616,2.276e-09,0.002276,7.0293828202e-05,35977261,ok
144,-9.0,-100.0,run_gg_4h_5_-9.0_-100.0,40000,40000,0.00057113,0.57113,5.7109e-07,0.57109,7.00365941205e-05,37285337,ok
145,-9.0,-200.0,run_gg_4h_5_-9.0_-200.0,40000,40000,0.0036038,3.6038,3.6037e-06,3.6037,2.77484877074e-05,37056956,ok
146,0.0,300.0,run_gg_4h_5_0.0_300.0,40000,40000,0.0004456,0.4456,4.4558e-07,0.44558,4.48833034112e-05,37385068,ok
147,-0.5,70.7107,run_gg_4h_5_-0.5_70.7107,40000,40000,2.3957e-05,0.023957,2.3955e-08,0.023955,8.3482906875e-05,37382402,ok
148,-9.0,0.0,run_gg_4h_5_-9.0_0.0,40000,40000,0.00042834,0.42834,4.2832e-07,0.42832,4.66918802819e-05,35669647,ok
149,25.9808,0.0,run_gg_4h_5_25.9808_0.0,40000,40000,0.10449,104.49,0.00010448,104.48,9.57029380801e-05,35460402,ok
150,1.0,-100.0,run_gg_4h_5_1.0_-100.0,40000,40000,7.946e-05,0.07946,7.9456e-08,0.079456,5.03397936069e-05,37200770,ok
151,-1.0,0.0,run_gg_4h_5_-1.0_0.0,40000,40000,1.92947e-07,0.000192947,1.9294e-10,0.00019294,3.62793927865e-05,36065873,ok
152,6.0,100.0,run_gg_4h_5_6.0_100.0,40000,40000,0.00077832,0.77832,7.783e-07,0.7783,2.56963716725e-05,36639771,ok
153,0.0,-700.0,run_gg_4h_5_0.0_-700.0,40000,40000,0.0025227,2.5227,2.5225e-06,2.5225,7.92801363618e-05,37392787,ok
