index,c3,d4,run_name,workdir,root_file,root_bytes,merge_summary,merged_events,zero_weight_events,merged_xsec_pb,analysis_xsec_fb,herwig_total_xsec_nb,herwig_total_xsec_fb,relative_difference,status
1,-10.5,-50.0,run_gg_hhhg_4_-10.5_-50.0,/mnt/ssd2/Projects/4H/QuadrupleHiggsAnalysis_runs/HerwigForcedSplitting/gg_hhhg_c3d4_10k_hhhbb_153_20260727,/mnt/ssd2/Projects/4H/QuadrupleHiggsAnalysis_runs/HerwigForcedSplitting/gg_hhhg_c3d4_10k_hhhbb_153_20260727/events/run_gg_hhhg_4_-10.5_-50.0_hhhbb_stage2.root,7867306,/mnt/ssd2/Projects/4H/QuadrupleHiggsAnalysis_runs/HerwigForcedSplitting/gg_hhhg_c3d4_10k_hhhbb_153_20260727/run_gg_hhhg_4_-10.5_-50.0/merge_summary.json,10000,0,0.00021712128174,0.21712128174,2.17e-07,0.217,0.000558589828998,ok
2,-10.5,50.0,run_gg_hhhg_4_-10.5_50.0,/mnt/ssd2/Projects/4H/QuadrupleHiggsAnalysis_runs/HerwigForcedSplitting/gg_hhhg_c3d4_10k_hhhbb_153_20260727,/mnt/ssd2/Projects/4H/QuadrupleHiggsAnalysis_runs/HerwigForcedSplitting/gg_hhhg_c3d4_10k_hhhbb_153_20260727/events/run_gg_hhhg_4_-10.5_50.0_hhhbb_stage2.root,7933037,/mnt/ssd2/Projects/4H/QuadrupleHiggsAnalysis_runs/HerwigForcedSplitting/gg_hhhg_c3d4_10k_hhhbb_153_20260727/run_gg_hhhg_4_-10.5_50.0/merge_summary.json,10000,0,0.000502018696147,0.502018696147,5.02e-07,0.502,3.72419329124e-05,ok
3,-7.5,-150.0,run_gg_hhhg_4_-7.5_-150.0,/mnt/ssd2/Projects/4H/QuadrupleHiggsAnalysis_runs/HerwigForcedSplitting/gg_hhhg_c3d4_10k_hhhbb_153_20260727,/mnt/ssd2/Projects/4H/QuadrupleHiggsAnalysis_runs/HerwigForcedSplitting/gg_hhhg_c3d4_10k_hhhbb_153_20260727/events/run_gg_hhhg_4_-7.5_-150.0_hhhbb_stage2.root,8460412,/mnt/ssd2/Projects/4H/QuadrupleHiggsAnalysis_runs/HerwigForcedSplitting/gg_hhhg_c3d4_10k_hhhbb_153_20260727/run_gg_hhhg_4_-7.5_-150.0/merge_summary.json,10000,0,4.30950394725e-05,0.0430950394725,4.31e-08,0.0431,0.000115106693236,ok
4,-7.5,-50.0,run_gg_hhhg_4_-7.5_-50.0,/mnt/ssd2/Projects/4H/QuadrupleHiggsAnalysis_runs/HerwigForcedSplitting/gg_hhhg_c3d4_10k_hhhbb_153_20260727,/mnt/ssd2/Projects/4H/QuadrupleHiggsAnalysis_runs/HerwigForcedSplitting/gg_hhhg_c3d4_10k_hhhbb_153_20260727/events/run_gg_hhhg_4_-7.5_-50.0_hhhbb_stage2.root,7861810,/mnt/ssd2/Projects/4H/QuadrupleHiggsAnalysis_runs/HerwigForcedSplitting/gg_hhhg_c3d4_10k_hhhbb_153_20260727/run_gg_hhhg_4_-7.5_-50.0/merge_summary.json,10000,0,5.21192502882e-05,0.0521192502882,5.21e-08,0.0521,0.000369350826692,ok
5,-7.5,50.0,run_gg_hhhg_4_-7.5_50.0,/mnt/ssd2/Projects/4H/QuadrupleHiggsAnalysis_runs/HerwigForcedSplitting/gg_hhhg_c3d4_10k_hhhbb_153_20260727,/mnt/ssd2/Projects/4H/QuadrupleHiggsAnalysis_runs/HerwigForcedSplitting/gg_hhhg_c3d4_10k_hhhbb_153_20260727/events/run_gg_hhhg_4_-7.5_50.0_hhhbb_stage2.root,7950192,/mnt/ssd2/Projects/4H/QuadrupleHiggsAnalysis_runs/HerwigForcedSplitting/gg_hhhg_c3d4_10k_hhhbb_153_20260727/run_gg_hhhg_4_-7.5_50.0/merge_summary.json,10000,1,0.000201914831135,0.201914831135,2.02e-07,0.202,0.000421805890635,ok
6,-4.5,-150.0,run_gg_hhhg_4_-4.5_-150.0,/mnt/ssd2/Projects/4H/QuadrupleHiggsAnalysis_runs/HerwigForcedSplitting/gg_hhhg_c3d4_10k_hhhbb_153_20260727,/mnt/ssd2/Projects/4H/QuadrupleHiggsAnalysis_runs/HerwigForcedSplitting/gg_hhhg_c3d4_10k_hhhbb_153_20260727/events/run_gg_hhhg_4_-4.5_-150.0_hhhbb_stage2.root,8327195,/mnt/ssd2/Projects/4H/QuadrupleHiggsAnalysis_runs/HerwigForcedSplitting/gg_hhhg_c3d4_10k_hhhbb_153_20260727/run_gg_hhhg_4_-4.5_-150.0/merge_summary.json,10000,0,9.67896499458e-05,0.0967896499458,9.68e-08,0.0968,0.000106933480649,ok
7,-4.5,50.0,run_gg_hhhg_4_-4.5_50.0,/mnt/ssd2/Projects/4H/QuadrupleHiggsAnalysis_runs/HerwigForcedSplitting/gg_hhhg_c3d4_10k_hhhbb_153_20260727,/mnt/ssd2/Projects/4H/QuadrupleHiggsAnalysis_runs/HerwigForcedSplitting/gg_hhhg_c3d4_10k_hhhbb_153_20260727/events/run_gg_hhhg_4_-4.5_50.0_hhhbb_stage2.root,8010664,/mnt/ssd2/Projects/4H/QuadrupleHiggsAnalysis_runs/HerwigForcedSplitting/gg_hhhg_c3d4_10k_hhhbb_153_20260727/run_gg_hhhg_4_-4.5_50.0/merge_summary.json,10000,0,7.64138154564e-05,0.0764138154564,7.64e-08,0.0764,0.000180797886972,ok
8,-4.5,150.0,run_gg_hhhg_4_-4.5_150.0,/mnt/ssd2/Projects/4H/QuadrupleHiggsAnalysis_runs/HerwigForcedSplitting/gg_hhhg_c3d4_10k_hhhbb_153_20260727,/mnt/ssd2/Projects/4H/QuadrupleHiggsAnalysis_runs/HerwigForcedSplitting/gg_hhhg_c3d4_10k_hhhbb_153_20260727/events/run_gg_hhhg_4_-4.5_150.0_hhhbb_stage2.root,8082525,/mnt/ssd2/Projects/4H/QuadrupleHiggsAnalysis_runs/HerwigForcedSplitting/gg_hhhg_c3d4_10k_hhhbb_153_20260727/run_gg_hhhg_4_-4.5_150.0/merge_summary.json,10000,1,0.000294453713468,0.294453713468,2.94e-07,0.294,0.00154086515982,ok
9,-1.5,-250.0,run_gg_hhhg_4_-1.5_-250.0,/mnt/ssd2/Projects/4H/QuadrupleHiggsAnalysis_runs/HerwigForcedSplitting/gg_hhhg_c3d4_10k_hhhbb_153_20260727,/mnt/ssd2/Projects/4H/QuadrupleHiggsAnalysis_runs/HerwigForcedSplitting/gg_hhhg_c3d4_10k_hhhbb_153_20260727/events/run_gg_hhhg_4_-1.5_-250.0_hhhbb_stage2.root,8199322,/mnt/ssd2/Projects/4H/QuadrupleHiggsAnalysis_runs/HerwigForcedSplitting/gg_hhhg_c3d4_10k_hhhbb_153_20260727/run_gg_hhhg_4_-1.5_-250.0/merge_summary.json,10000,0,0.000453781248051,0.453781248051,4.54e-07,0.454,0.000482064761331,ok
10,-1.5,-150.0,run_gg_hhhg_4_-1.5_-150.0,/mnt/ssd2/Projects/4H/QuadrupleHiggsAnalysis_runs/HerwigForcedSplitting/gg_hhhg_c3d4_10k_hhhbb_153_20260727,/mnt/ssd2/Projects/4H/QuadrupleHiggsAnalysis_runs/HerwigForcedSplitting/gg_hhhg_c3d4_10k_hhhbb_153_20260727/events/run_gg_hhhg_4_-1.5_-150.0_hhhbb_stage2.root,8185499,/mnt/ssd2/Projects/4H/QuadrupleHiggsAnalysis_runs/HerwigForcedSplitting/gg_hhhg_c3d4_10k_hhhbb_153_20260727/run_gg_hhhg_4_-1.5_-150.0/merge_summary.json,10000,1,0.000159756505701,0.159756505701,1.6e-07,0.16,0.00152415889221,ok
11,-1.5,150.0,run_gg_hhhg_4_-1.5_150.0,/mnt/ssd2/Projects/4H/QuadrupleHiggsAnalysis_runs/HerwigForcedSplitting/gg_hhhg_c3d4_10k_hhhbb_153_20260727,/mnt/ssd2/Projects/4H/QuadrupleHiggsAnalysis_runs/HerwigForcedSplitting/gg_hhhg_c3d4_10k_hhhbb_153_20260727/events/run_gg_hhhg_4_-1.5_150.0_hhhbb_stage2.root,8137623,/mnt/ssd2/Projects/4H/QuadrupleHiggsAnalysis_runs/HerwigForcedSplitting/gg_hhhg_c3d4_10k_hhhbb_153_20260727/run_gg_hhhg_4_-1.5_150.0/merge_summary.json,10000,1,0.000188733975826,0.188733975826,1.89e-07,0.189,0.00140951925985,ok
12,-1.5,250.0,run_gg_hhhg_4_-1.5_250.0,/mnt/ssd2/Projects/4H/QuadrupleHiggsAnalysis_runs/HerwigForcedSplitting/gg_hhhg_c3d4_10k_hhhbb_153_20260727,/mnt/ssd2/Projects/4H/QuadrupleHiggsAnalysis_runs/HerwigForcedSplitting/gg_hhhg_c3d4_10k_hhhbb_153_20260727/events/run_gg_hhhg_4_-1.5_250.0_hhhbb_stage2.root,8143235,/mnt/ssd2/Projects/4H/QuadrupleHiggsAnalysis_runs/HerwigForcedSplitting/gg_hhhg_c3d4_10k_hhhbb_153_20260727/run_gg_hhhg_4_-1.5_250.0/merge_summary.json,10000,0,0.000506932797417,0.506932797417,5.07e-07,0.507,0.000132567045219,ok
13,1.5,-250.0,run_gg_hhhg_4_1.5_-250.0,/mnt/ssd2/Projects/4H/QuadrupleHiggsAnalysis_runs/HerwigForcedSplitting/gg_hhhg_c3d4_10k_hhhbb_153_20260727,/mnt/ssd2/Projects/4H/QuadrupleHiggsAnalysis_runs/HerwigForcedSplitting/gg_hhhg_c3d4_10k_hhhbb_153_20260727/events/run_gg_hhhg_4_1.5_-250.0_hhhbb_stage2.root,8166334,/mnt/ssd2/Projects/4H/QuadrupleHiggsAnalysis_runs/HerwigForcedSplitting/gg_hhhg_c3d4_10k_hhhbb_153_20260727/run_gg_hhhg_4_1.5_-250.0/merge_summary.json,10000,0,0.000504780802551,0.504780802551,5.05e-07,0.505,0.000434242838881,ok
14,1.5,-150.0,run_gg_hhhg_4_1.5_-150.0,/mnt/ssd2/Projects/4H/QuadrupleHiggsAnalysis_runs/HerwigForcedSplitting/gg_hhhg_c3d4_10k_hhhbb_153_20260727,/mnt/ssd2/Projects/4H/QuadrupleHiggsAnalysis_runs/HerwigForcedSplitting/gg_hhhg_c3d4_10k_hhhbb_153_20260727/events/run_gg_hhhg_4_1.5_-150.0_hhhbb_stage2.root,8161078,/mnt/ssd2/Projects/4H/QuadrupleHiggsAnalysis_runs/HerwigForcedSplitting/gg_hhhg_c3d4_10k_hhhbb_153_20260727/run_gg_hhhg_4_1.5_-150.0/merge_summary.json,10000,0,0.000183097221096,0.183097221096,1.83e-07,0.183,0.000530980729776,ok
15,1.5,150.0,run_gg_hhhg_4_1.5_150.0,/mnt/ssd2/Projects/4H/QuadrupleHiggsAnalysis_runs/HerwigForcedSplitting/gg_hhhg_c3d4_10k_hhhbb_153_20260727,/mnt/ssd2/Projects/4H/QuadrupleHiggsAnalysis_runs/HerwigForcedSplitting/gg_hhhg_c3d4_10k_hhhbb_153_20260727/events/run_gg_hhhg_4_1.5_150.0_hhhbb_stage2.root,8148693,/mnt/ssd2/Projects/4H/QuadrupleHiggsAnalysis_runs/HerwigForcedSplitting/gg_hhhg_c3d4_10k_hhhbb_153_20260727/run_gg_hhhg_4_1.5_150.0/merge_summary.json,10000,0,0.000156915513118,0.156915513118,1.57e-07,0.157,0.000538422746797,ok
16,1.5,250.0,run_gg_hhhg_4_1.5_250.0,/mnt/ssd2/Projects/4H/QuadrupleHiggsAnalysis_runs/HerwigForcedSplitting/gg_hhhg_c3d4_10k_hhhbb_153_20260727,/mnt/ssd2/Projects/4H/QuadrupleHiggsAnalysis_runs/HerwigForcedSplitting/gg_hhhg_c3d4_10k_hhhbb_153_20260727/events/run_gg_hhhg_4_1.5_250.0_hhhbb_stage2.root,8151274,/mnt/ssd2/Projects/4H/QuadrupleHiggsAnalysis_runs/HerwigForcedSplitting/gg_hhhg_c3d4_10k_hhhbb_153_20260727/run_gg_hhhg_4_1.5_250.0/merge_summary.json,10000,0,0.000445367931093,0.445367931093,4.45e-07,0.445,0.000826128391879,ok
17,4.5,-150.0,run_gg_hhhg_4_4.5_-150.0,/mnt/ssd2/Projects/4H/QuadrupleHiggsAnalysis_runs/HerwigForcedSplitting/gg_hhhg_c3d4_10k_hhhbb_153_20260727,/mnt/ssd2/Projects/4H/QuadrupleHiggsAnalysis_runs/HerwigForcedSplitting/gg_hhhg_c3d4_10k_hhhbb_153_20260727/events/run_gg_hhhg_4_4.5_-150.0_hhhbb_stage2.root,8219158,/mnt/ssd2/Projects/4H/QuadrupleHiggsAnalysis_runs/HerwigForcedSplitting/gg_hhhg_c3d4_10k_hhhbb_153_20260727/run_gg_hhhg_4_4.5_-150.0/merge_summary.json,10000,0,0.000167707812123,0.167707812123,1.68e-07,0.168,0.00174224368968,ok
18,4.5,-50.0,run_gg_hhhg_4_4.5_-50.0,/mnt/ssd2/Projects/4H/QuadrupleHiggsAnalysis_runs/HerwigForcedSplitting/gg_hhhg_c3d4_10k_hhhbb_153_20260727,/mnt/ssd2/Projects/4H/QuadrupleHiggsAnalysis_runs/HerwigForcedSplitting/gg_hhhg_c3d4_10k_hhhbb_153_20260727/events/run_gg_hhhg_4_4.5_-50.0_hhhbb_stage2.root,8258050,/mnt/ssd2/Projects/4H/QuadrupleHiggsAnalysis_runs/HerwigForcedSplitting/gg_hhhg_c3d4_10k_hhhbb_153_20260727/run_gg_hhhg_4_4.5_-50.0/merge_summary.json,10000,0,1.88417709533e-05,0.0188417709533,1.88e-08,0.0188,0.00221693350278,ok
19,4.5,50.0,run_gg_hhhg_4_4.5_50.0,/mnt/ssd2/Projects/4H/QuadrupleHiggsAnalysis_runs/HerwigForcedSplitting/gg_hhhg_c3d4_10k_hhhbb_153_20260727,/mnt/ssd2/Projects/4H/QuadrupleHiggsAnalysis_runs/HerwigForcedSplitting/gg_hhhg_c3d4_10k_hhhbb_153_20260727/events/run_gg_hhhg_4_4.5_50.0_hhhbb_stage2.root,8095939,/mnt/ssd2/Projects/4H/QuadrupleHiggsAnalysis_runs/HerwigForcedSplitting/gg_hhhg_c3d4_10k_hhhbb_153_20260727/run_gg_hhhg_4_4.5_50.0/merge_summary.json,10000,0,2.57072315703e-05,0.0257072315703,2.57e-08,0.0257,0.000281304904247,ok
20,4.5,150.0,run_gg_hhhg_4_4.5_150.0,/mnt/ssd2/Projects/4H/QuadrupleHiggsAnalysis_runs/HerwigForcedSplitting/gg_hhhg_c3d4_10k_hhhbb_153_20260727,/mnt/ssd2/Projects/4H/QuadrupleHiggsAnalysis_runs/HerwigForcedSplitting/gg_hhhg_c3d4_10k_hhhbb_153_20260727/events/run_gg_hhhg_4_4.5_150.0_hhhbb_stage2.root,8135431,/mnt/ssd2/Projects/4H/QuadrupleHiggsAnalysis_runs/HerwigForcedSplitting/gg_hhhg_c3d4_10k_hhhbb_153_20260727/run_gg_hhhg_4_4.5_150.0/merge_summary.json,10000,0,0.000185166705918,0.185166705918,1.85e-07,0.185,0.000900301795115,ok
21,7.5,-50.0,run_gg_hhhg_4_7.5_-50.0,/mnt/ssd2/Projects/4H/QuadrupleHiggsAnalysis_runs/HerwigForcedSplitting/gg_hhhg_c3d4_10k_hhhbb_153_20260727,/mnt/ssd2/Projects/4H/QuadrupleHiggsAnalysis_runs/HerwigForcedSplitting/gg_hhhg_c3d4_10k_hhhbb_153_20260727/events/run_gg_hhhg_4_7.5_-50.0_hhhbb_stage2.root,8267613,/mnt/ssd2/Projects/4H/QuadrupleHiggsAnalysis_runs/HerwigForcedSplitting/gg_hhhg_c3d4_10k_hhhbb_153_20260727/run_gg_hhhg_4_7.5_-50.0/merge_summary.json,10000,2,1.49886730595e-05,0.0149886730595,1.5e-08,0.015,0.000755700018271,ok
22,7.5,50.0,run_gg_hhhg_4_7.5_50.0,/mnt/ssd2/Projects/4H/QuadrupleHiggsAnalysis_runs/HerwigForcedSplitting/gg_hhhg_c3d4_10k_hhhbb_153_20260727,/mnt/ssd2/Projects/4H/QuadrupleHiggsAnalysis_runs/HerwigForcedSplitting/gg_hhhg_c3d4_10k_hhhbb_153_20260727/events/run_gg_hhhg_4_7.5_50.0_hhhbb_stage2.root,7991130,/mnt/ssd2/Projects/4H/QuadrupleHiggsAnalysis_runs/HerwigForcedSplitting/gg_hhhg_c3d4_10k_hhhbb_153_20260727/run_gg_hhhg_4_7.5_50.0/merge_summary.json,10000,1,7.44437355596e-05,0.0744437355596,7.44e-08,0.0744,0.000587498185686,ok
23,10.5,-50.0,run_gg_hhhg_4_10.5_-50.0,/mnt/ssd2/Projects/4H/QuadrupleHiggsAnalysis_runs/HerwigForcedSplitting/gg_hhhg_c3d4_10k_hhhbb_153_20260727,/mnt/ssd2/Projects/4H/QuadrupleHiggsAnalysis_runs/HerwigForcedSplitting/gg_hhhg_c3d4_10k_hhhbb_153_20260727/events/run_gg_hhhg_4_10.5_-50.0_hhhbb_stage2.root,7919949,/mnt/ssd2/Projects/4H/QuadrupleHiggsAnalysis_runs/HerwigForcedSplitting/gg_hhhg_c3d4_10k_hhhbb_153_20260727/run_gg_hhhg_4_10.5_-50.0/merge_summary.json,10000,2,5.69090212933e-05,0.0569090212933,5.69e-08,0.0569,0.000158521322099,ok
24,10.5,50.0,run_gg_hhhg_4_10.5_50.0,/mnt/ssd2/Projects/4H/QuadrupleHiggsAnalysis_runs/HerwigForcedSplitting/gg_hhhg_c3d4_10k_hhhbb_153_20260727,/mnt/ssd2/Projects/4H/QuadrupleHiggsAnalysis_runs/HerwigForcedSplitting/gg_hhhg_c3d4_10k_hhhbb_153_20260727/events/run_gg_hhhg_4_10.5_50.0_hhhbb_stage2.root,7944179,/mnt/ssd2/Projects/4H/QuadrupleHiggsAnalysis_runs/HerwigForcedSplitting/gg_hhhg_c3d4_10k_hhhbb_153_20260727/run_gg_hhhg_4_10.5_50.0/merge_summary.json,10000,0,0.000207088325335,0.207088325335,2.07e-07,0.207,0.000426510449223,ok
25,-3.0,-350.0,run_gg_hhhg_4_-3.0_-350.0,/mnt/ssd2/Projects/4H/QuadrupleHiggsAnalysis_runs/HerwigForcedSplitting/gg_hhhg_c3d4_10k_hhhbb_153_20260727,/mnt/ssd2/Projects/4H/QuadrupleHiggsAnalysis_runs/HerwigForcedSplitting/gg_hhhg_c3d4_10k_hhhbb_153_20260727/events/run_gg_hhhg_4_-3.0_-350.0_hhhbb_stage2.root,8192276,/mnt/ssd2/Projects/4H/QuadrupleHiggsAnalysis_runs/HerwigForcedSplitting/gg_hhhg_c3d4_10k_hhhbb_153_20260727/run_gg_hhhg_4_-3.0_-350.0/merge_summary.json,10000,1,0.000825245156922,0.825245156922,8.25e-07,0.825,0.00029707162726,ok
26,-3.0,350.0,run_gg_hhhg_4_-3.0_350.0,/mnt/ssd2/Projects/4H/QuadrupleHiggsAnalysis_runs/HerwigForcedSplitting/gg_hhhg_c3d4_10k_hhhbb_153_20260727,/mnt/ssd2/Projects/4H/QuadrupleHiggsAnalysis_runs/HerwigForcedSplitting/gg_hhhg_c3d4_10k_hhhbb_153_20260727/events/run_gg_hhhg_4_-3.0_350.0_hhhbb_stage2.root,8128556,/mnt/ssd2/Projects/4H/QuadrupleHiggsAnalysis_runs/HerwigForcedSplitting/gg_hhhg_c3d4_10k_hhhbb_153_20260727/run_gg_hhhg_4_-3.0_350.0/merge_summary.json,10000,1,0.00103847675906,1.03847675906,1.038e-06,1.038,0.000459094586414,ok
27,-1.5,-350.0,run_gg_hhhg_4_-1.5_-350.0,/mnt/ssd2/Projects/4H/QuadrupleHiggsAnalysis_runs/HerwigForcedSplitting/gg_hhhg_c3d4_10k_hhhbb_153_20260727,/mnt/ssd2/Projects/4H/QuadrupleHiggsAnalysis_runs/HerwigForcedSplitting/gg_hhhg_c3d4_10k_hhhbb_153_20260727/events/run_gg_hhhg_4_-1.5_-350.0_hhhbb_stage2.root,8186782,/mnt/ssd2/Projects/4H/QuadrupleHiggsAnalysis_runs/HerwigForcedSplitting/gg_hhhg_c3d4_10k_hhhbb_153_20260727/run_gg_hhhg_4_-1.5_-350.0/merge_summary.json,10000,0,0.000911637071866,0.911637071866,9.11e-07,0.911,0.000698821806856,ok
28,-1.5,350.0,run_gg_hhhg_4_-1.5_350.0,/mnt/ssd2/Projects/4H/QuadrupleHiggsAnalysis_runs/HerwigForcedSplitting/gg_hhhg_c3d4_10k_hhhbb_153_20260727,/mnt/ssd2/Projects/4H/QuadrupleHiggsAnalysis_runs/HerwigForcedSplitting/gg_hhhg_c3d4_10k_hhhbb_153_20260727/events/run_gg_hhhg_4_-1.5_350.0_hhhbb_stage2.root,8156111,/mnt/ssd2/Projects/4H/QuadrupleHiggsAnalysis_runs/HerwigForcedSplitting/gg_hhhg_c3d4_10k_hhhbb_153_20260727/run_gg_hhhg_4_-1.5_350.0/merge_summary.json,10000,0,0.000961880869221,0.961880869221,9.62e-07,0.962,0.000123851905719,ok
29,0.0,-350.0,run_gg_hhhg_4_0.0_-350.0,/mnt/ssd2/Projects/4H/QuadrupleHiggsAnalysis_runs/HerwigForcedSplitting/gg_hhhg_c3d4_10k_hhhbb_153_20260727,/mnt/ssd2/Projects/4H/QuadrupleHiggsAnalysis_runs/HerwigForcedSplitting/gg_hhhg_c3d4_10k_hhhbb_153_20260727/events/run_gg_hhhg_4_0.0_-350.0_hhhbb_stage2.root,8166510,/mnt/ssd2/Projects/4H/QuadrupleHiggsAnalysis_runs/HerwigForcedSplitting/gg_hhhg_c3d4_10k_hhhbb_153_20260727/run_gg_hhhg_4_0.0_-350.0/merge_summary.json,10000,1,0.000944720415269,0.944720415269,9.45e-07,0.945,0.000295944415737,ok
30,0.0,350.0,run_gg_hhhg_4_0.0_350.0,/mnt/ssd2/Projects/4H/QuadrupleHiggsAnalysis_runs/HerwigForcedSplitting/gg_hhhg_c3d4_10k_hhhbb_153_20260727,/mnt/ssd2/Projects/4H/QuadrupleHiggsAnalysis_runs/HerwigForcedSplitting/gg_hhhg_c3d4_10k_hhhbb_153_20260727/events/run_gg_hhhg_4_0.0_350.0_hhhbb_stage2.root,8164191,/mnt/ssd2/Projects/4H/QuadrupleHiggsAnalysis_runs/HerwigForcedSplitting/gg_hhhg_c3d4_10k_hhhbb_153_20260727/run_gg_hhhg_4_0.0_350.0/merge_summary.json,10000,0,0.000888206643764,0.888206643764,8.88e-07,0.888,0.000232652802042,ok
31,1.5,-350.0,run_gg_hhhg_4_1.5_-350.0,/mnt/ssd2/Projects/4H/QuadrupleHiggsAnalysis_runs/HerwigForcedSplitting/gg_hhhg_c3d4_10k_hhhbb_153_20260727,/mnt/ssd2/Projects/4H/QuadrupleHiggsAnalysis_runs/HerwigForcedSplitting/gg_hhhg_c3d4_10k_hhhbb_153_20260727/events/run_gg_hhhg_4_1.5_-350.0_hhhbb_stage2.root,8179975,/mnt/ssd2/Projects/4H/QuadrupleHiggsAnalysis_runs/HerwigForcedSplitting/gg_hhhg_c3d4_10k_hhhbb_153_20260727/run_gg_hhhg_4_1.5_-350.0/merge_summary.json,10000,2,0.000975213566616,0.975213566616,9.75e-07,0.975,0.000218994714219,ok
32,1.5,350.0,run_gg_hhhg_4_1.5_350.0,/mnt/ssd2/Projects/4H/QuadrupleHiggsAnalysis_runs/HerwigForcedSplitting/gg_hhhg_c3d4_10k_hhhbb_153_20260727,/mnt/ssd2/Projects/4H/QuadrupleHiggsAnalysis_runs/HerwigForcedSplitting/gg_hhhg_c3d4_10k_hhhbb_153_20260727/events/run_gg_hhhg_4_1.5_350.0_hhhbb_stage2.root,8169278,/mnt/ssd2/Projects/4H/QuadrupleHiggsAnalysis_runs/HerwigForcedSplitting/gg_hhhg_c3d4_10k_hhhbb_153_20260727/run_gg_hhhg_4_1.5_350.0/merge_summary.json,10000,0,0.000894191946653,0.894191946653,8.94e-07,0.894,0.000214659339518,ok
33,3.0,-350.0,run_gg_hhhg_4_3.0_-350.0,/mnt/ssd2/Projects/4H/QuadrupleHiggsAnalysis_runs/HerwigForcedSplitting/gg_hhhg_c3d4_10k_hhhbb_153_20260727,/mnt/ssd2/Projects/4H/QuadrupleHiggsAnalysis_runs/HerwigForcedSplitting/gg_hhhg_c3d4_10k_hhhbb_153_20260727/events/run_gg_hhhg_4_3.0_-350.0_hhhbb_stage2.root,8154211,/mnt/ssd2/Projects/4H/QuadrupleHiggsAnalysis_runs/HerwigForcedSplitting/gg_hhhg_c3d4_10k_hhhbb_153_20260727/run_gg_hhhg_4_3.0_-350.0/merge_summary.json,10000,1,0.00094321477986,0.94321477986,9.43e-07,0.943,0.000227710448307,ok
34,3.0,350.0,run_gg_hhhg_4_3.0_350.0,/mnt/ssd2/Projects/4H/QuadrupleHiggsAnalysis_runs/HerwigForcedSplitting/gg_hhhg_c3d4_10k_hhhbb_153_20260727,/mnt/ssd2/Projects/4H/QuadrupleHiggsAnalysis_runs/HerwigForcedSplitting/gg_hhhg_c3d4_10k_hhhbb_153_20260727/events/run_gg_hhhg_4_3.0_350.0_hhhbb_stage2.root,8154691,/mnt/ssd2/Projects/4H/QuadrupleHiggsAnalysis_runs/HerwigForcedSplitting/gg_hhhg_c3d4_10k_hhhbb_153_20260727/run_gg_hhhg_4_3.0_350.0/merge_summary.json,10000,1,0.000912290711715,0.912290711715,9.12e-07,0.912,0.000318661267934,ok
35,0.0,-250.0,run_gg_hhhg_4_0.0_-250.0,/mnt/ssd2/Projects/4H/QuadrupleHiggsAnalysis_runs/HerwigForcedSplitting/gg_hhhg_c3d4_10k_hhhbb_153_20260727,/mnt/ssd2/Projects/4H/QuadrupleHiggsAnalysis_runs/HerwigForcedSplitting/gg_hhhg_c3d4_10k_hhhbb_153_20260727/events/run_gg_hhhg_4_0.0_-250.0_hhhbb_stage2.root,8162024,/mnt/ssd2/Projects/4H/QuadrupleHiggsAnalysis_runs/HerwigForcedSplitting/gg_hhhg_c3d4_10k_hhhbb_153_20260727/run_gg_hhhg_4_0.0_-250.0/merge_summary.json,10000,0,0.000481818859521,0.481818859521,4.82e-07,0.482,0.000375951408969,ok
36,0.0,250.0,run_gg_hhhg_4_0.0_250.0,/mnt/ssd2/Projects/4H/QuadrupleHiggsAnalysis_runs/HerwigForcedSplitting/gg_hhhg_c3d4_10k_hhhbb_153_20260727,/mnt/ssd2/Projects/4H/QuadrupleHiggsAnalysis_runs/HerwigForcedSplitting/gg_hhhg_c3d4_10k_hhhbb_153_20260727/events/run_gg_hhhg_4_0.0_250.0_hhhbb_stage2.root,8150157,/mnt/ssd2/Projects/4H/QuadrupleHiggsAnalysis_runs/HerwigForcedSplitting/gg_hhhg_c3d4_10k_hhhbb_153_20260727/run_gg_hhhg_4_0.0_250.0/merge_summary.json,10000,0,0.000455437247149,0.455437247149,4.55e-07,0.455,0.00096006014388,ok
37,6.0,-200.0,run_gg_hhhg_4_6.0_-200.0,/mnt/ssd2/Projects/4H/QuadrupleHiggsAnalysis_runs/HerwigForcedSplitting/gg_hhhg_c3d4_10k_hhhbb_153_20260727,/mnt/ssd2/Projects/4H/QuadrupleHiggsAnalysis_runs/HerwigForcedSplitting/gg_hhhg_c3d4_10k_hhhbb_153_20260727/events/run_gg_hhhg_4_6.0_-200.0_hhhbb_stage2.root,8211982,/mnt/ssd2/Projects/4H/QuadrupleHiggsAnalysis_runs/HerwigForcedSplitting/gg_hhhg_c3d4_10k_hhhbb_153_20260727/run_gg_hhhg_4_6.0_-200.0/merge_summary.json,10000,0,0.000251194873925,0.251194873925,2.51e-07,0.251,0.000775787823571,ok
38,-0.258819,0.0,run_gg_hhhg_4_-0.258819_0.0,/mnt/ssd2/Projects/4H/QuadrupleHiggsAnalysis_runs/HerwigForcedSplitting/gg_hhhg_c3d4_10k_hhhbb_153_20260727,/mnt/ssd2/Projects/4H/QuadrupleHiggsAnalysis_runs/HerwigForcedSplitting/gg_hhhg_c3d4_10k_hhhbb_153_20260727/events/run_gg_hhhg_4_-0.258819_0.0_hhhbb_stage2.root,8177379,/mnt/ssd2/Projects/4H/QuadrupleHiggsAnalysis_runs/HerwigForcedSplitting/gg_hhhg_c3d4_10k_hhhbb_153_20260727/run_gg_hhhg_4_-0.258819_0.0/merge_summary.json,10000,0,5.47783041081e-07,0.000547783041081,5.48e-10,0.000548,0.000396067243539,ok
39,-0.866025,70.7107,run_gg_hhhg_4_-0.866025_70.7107,/mnt/ssd2/Projects/4H/QuadrupleHiggsAnalysis_runs/HerwigForcedSplitting/gg_hhhg_c3d4_10k_hhhbb_153_20260727,/mnt/ssd2/Projects/4H/QuadrupleHiggsAnalysis_runs/HerwigForcedSplitting/gg_hhhg_c3d4_10k_hhhbb_153_20260727/events/run_gg_hhhg_4_-0.866025_70.7107_hhhbb_stage2.root,8107603,/mnt/ssd2/Projects/4H/QuadrupleHiggsAnalysis_runs/HerwigForcedSplitting/gg_hhhg_c3d4_10k_hhhbb_153_20260727/run_gg_hhhg_4_-0.866025_70.7107/merge_summary.json,10000,0,3.97973178894e-05,0.0397973178894,3.98e-08,0.0398,6.73942549722e-05,ok
40,-0.866025,-100.0,run_gg_hhhg_4_-0.866025_-100.0,/mnt/ssd2/Projects/4H/QuadrupleHiggsAnalysis_runs/HerwigForcedSplitting/gg_hhhg_c3d4_10k_hhhbb_153_20260727,/mnt/ssd2/Projects/4H/QuadrupleHiggsAnalysis_runs/HerwigForcedSplitting/gg_hhhg_c3d4_10k_hhhbb_153_20260727/events/run_gg_hhhg_4_-0.866025_-100.0_hhhbb_stage2.root,8183496,/mnt/ssd2/Projects/4H/QuadrupleHiggsAnalysis_runs/HerwigForcedSplitting/gg_hhhg_c3d4_10k_hhhbb_153_20260727/run_gg_hhhg_4_-0.866025_-100.0/merge_summary.json,10000,1,7.00676788188e-05,0.0700676788188,7.01e-08,0.0701,0.000461285171234,ok
41,-0.5,0.0,run_gg_hhhg_4_-0.5_0.0,/mnt/ssd2/Projects/4H/QuadrupleHiggsAnalysis_runs/HerwigForcedSplitting/gg_hhhg_c3d4_10k_hhhbb_153_20260727,/mnt/ssd2/Projects/4H/QuadrupleHiggsAnalysis_runs/HerwigForcedSplitting/gg_hhhg_c3d4_10k_hhhbb_153_20260727/events/run_gg_hhhg_4_-0.5_0.0_hhhbb_stage2.root,8124461,/mnt/ssd2/Projects/4H/QuadrupleHiggsAnalysis_runs/HerwigForcedSplitting/gg_hhhg_c3d4_10k_hhhbb_153_20260727/run_gg_hhhg_4_-0.5_0.0/merge_summary.json,10000,0,6.63812769585e-07,0.000663812769585,6.64e-10,0.000664,0.00028205304777,ok
42,0.5,-70.7107,run_gg_hhhg_4_0.5_-70.7107,/mnt/ssd2/Projects/4H/QuadrupleHiggsAnalysis_runs/HerwigForcedSplitting/gg_hhhg_c3d4_10k_hhhbb_153_20260727,/mnt/ssd2/Projects/4H/QuadrupleHiggsAnalysis_runs/HerwigForcedSplitting/gg_hhhg_c3d4_10k_hhhbb_153_20260727/events/run_gg_hhhg_4_0.5_-70.7107_hhhbb_stage2.root,8186309,/mnt/ssd2/Projects/4H/QuadrupleHiggsAnalysis_runs/HerwigForcedSplitting/gg_hhhg_c3d4_10k_hhhbb_153_20260727/run_gg_hhhg_4_0.5_-70.7107/merge_summary.json,10000,1,4.29487877772e-05,0.0429487877772,4.3e-08,0.043,0.00119240205396,ok
43,-12.0,100.0,run_gg_hhhg_4_-12.0_100.0,/mnt/ssd2/Projects/4H/QuadrupleHiggsAnalysis_runs/HerwigForcedSplitting/gg_hhhg_c3d4_10k_hhhbb_153_20260727,/mnt/ssd2/Projects/4H/QuadrupleHiggsAnalysis_runs/HerwigForcedSplitting/gg_hhhg_c3d4_10k_hhhbb_153_20260727/events/run_gg_hhhg_4_-12.0_100.0_hhhbb_stage2.root,7974121,/mnt/ssd2/Projects/4H/QuadrupleHiggsAnalysis_runs/HerwigForcedSplitting/gg_hhhg_c3d4_10k_hhhbb_153_20260727/run_gg_hhhg_4_-12.0_100.0/merge_summary.json,10000,2,0.000966627188677,0.966627188677,9.66e-07,0.966,0.000648842371508,ok
44,-12.0,0.0,run_gg_hhhg_4_-12.0_0.0,/mnt/ssd2/Projects/4H/QuadrupleHiggsAnalysis_runs/HerwigForcedSplitting/gg_hhhg_c3d4_10k_hhhbb_153_20260727,/mnt/ssd2/Projects/4H/QuadrupleHiggsAnalysis_runs/HerwigForcedSplitting/gg_hhhg_c3d4_10k_hhhbb_153_20260727/events/run_gg_hhhg_4_-12.0_0.0_hhhbb_stage2.root,7897969,/mnt/ssd2/Projects/4H/QuadrupleHiggsAnalysis_runs/HerwigForcedSplitting/gg_hhhg_c3d4_10k_hhhbb_153_20260727/run_gg_hhhg_4_-12.0_0.0/merge_summary.json,10000,1,0.00051606995672,0.51606995672,5.16e-07,0.516,0.000135556661584,ok
45,-12.0,300.0,run_gg_hhhg_4_-12.0_300.0,/mnt/ssd2/Projects/4H/QuadrupleHiggsAnalysis_runs/HerwigForcedSplitting/gg_hhhg_c3d4_10k_hhhbb_153_20260727,/mnt/ssd2/Projects/4H/QuadrupleHiggsAnalysis_runs/HerwigForcedSplitting/gg_hhhg_c3d4_10k_hhhbb_153_20260727/events/run_gg_hhhg_4_-12.0_300.0_hhhbb_stage2.root,8037334,/mnt/ssd2/Projects/4H/QuadrupleHiggsAnalysis_runs/HerwigForcedSplitting/gg_hhhg_c3d4_10k_hhhbb_153_20260727/run_gg_hhhg_4_-12.0_300.0/merge_summary.json,10000,1,0.00227195691471,2.27195691471,2.27e-06,2.27,0.000861334427016,ok
46,-0.866025,-70.7107,run_gg_hhhg_4_-0.866025_-70.7107,/mnt/ssd2/Projects/4H/QuadrupleHiggsAnalysis_runs/HerwigForcedSplitting/gg_hhhg_c3d4_10k_hhhbb_153_20260727,/mnt/ssd2/Projects/4H/QuadrupleHiggsAnalysis_runs/HerwigForcedSplitting/gg_hhhg_c3d4_10k_hhhbb_153_20260727/events/run_gg_hhhg_4_-0.866025_-70.7107_hhhbb_stage2.root,8205967,/mnt/ssd2/Projects/4H/QuadrupleHiggsAnalysis_runs/HerwigForcedSplitting/gg_hhhg_c3d4_10k_hhhbb_153_20260727/run_gg_hhhg_4_-0.866025_-70.7107/merge_summary.json,10000,0,3.49984616796e-05,0.0349984616796,3.5e-08,0.035,4.39539420201e-05,ok
47,0.5,100.0,run_gg_hhhg_4_0.5_100.0,/mnt/ssd2/Projects/4H/QuadrupleHiggsAnalysis_runs/HerwigForcedSplitting/gg_hhhg_c3d4_10k_hhhbb_153_20260727,/mnt/ssd2/Projects/4H/QuadrupleHiggsAnalysis_runs/HerwigForcedSplitting/gg_hhhg_c3d4_10k_hhhbb_153_20260727/events/run_gg_hhhg_4_0.5_100.0_hhhbb_stage2.root,8120497,/mnt/ssd2/Projects/4H/QuadrupleHiggsAnalysis_runs/HerwigForcedSplitting/gg_hhhg_c3d4_10k_hhhbb_153_20260727/run_gg_hhhg_4_0.5_100.0/merge_summary.json,10000,0,6.64449176607e-05,0.0664449176607,6.64e-08,0.0664,0.000676013490396,ok
48,12.0,300.0,run_gg_hhhg_4_12.0_300.0,/mnt/ssd2/Projects/4H/QuadrupleHiggsAnalysis_runs/HerwigForcedSplitting/gg_hhhg_c3d4_10k_hhhbb_153_20260727,/mnt/ssd2/Projects/4H/QuadrupleHiggsAnalysis_runs/HerwigForcedSplitting/gg_hhhg_c3d4_10k_hhhbb_153_20260727/events/run_gg_hhhg_4_12.0_300.0_hhhbb_stage2.root,8048692,/mnt/ssd2/Projects/4H/QuadrupleHiggsAnalysis_runs/HerwigForcedSplitting/gg_hhhg_c3d4_10k_hhhbb_153_20260727/run_gg_hhhg_4_12.0_300.0/merge_summary.json,10000,0,0.00148083157891,1.48083157891,1.48e-06,1.48,0.000561562110131,ok
49,-9.0,-300.0,run_gg_hhhg_4_-9.0_-300.0,/mnt/ssd2/Projects/4H/QuadrupleHiggsAnalysis_runs/HerwigForcedSplitting/gg_hhhg_c3d4_10k_hhhbb_153_20260727,/mnt/ssd2/Projects/4H/QuadrupleHiggsAnalysis_runs/HerwigForcedSplitting/gg_hhhg_c3d4_10k_hhhbb_153_20260727/events/run_gg_hhhg_4_-9.0_-300.0_hhhbb_stage2.root,8445794,/mnt/ssd2/Projects/4H/QuadrupleHiggsAnalysis_runs/HerwigForcedSplitting/gg_hhhg_c3d4_10k_hhhbb_153_20260727/run_gg_hhhg_4_-9.0_-300.0/merge_summary.json,10000,0,0.000219548704944,0.219548704944,2.2e-07,0.22,0.00205555781288,ok
50,3.0,-300.0,run_gg_hhhg_4_3.0_-300.0,/mnt/ssd2/Projects/4H/QuadrupleHiggsAnalysis_runs/HerwigForcedSplitting/gg_hhhg_c3d4_10k_hhhbb_153_20260727,/mnt/ssd2/Projects/4H/QuadrupleHiggsAnalysis_runs/HerwigForcedSplitting/gg_hhhg_c3d4_10k_hhhbb_153_20260727/events/run_gg_hhhg_4_3.0_-300.0_hhhbb_stage2.root,8165244,/mnt/ssd2/Projects/4H/QuadrupleHiggsAnalysis_runs/HerwigForcedSplitting/gg_hhhg_c3d4_10k_hhhbb_153_20260727/run_gg_hhhg_4_3.0_-300.0/merge_summary.json,10000,0,0.000713847232889,0.713847232889,7.14e-07,0.714,0.000214005328142,ok
51,30.0,700.0,run_gg_hhhg_4_30.0_700.0,/mnt/ssd2/Projects/4H/QuadrupleHiggsAnalysis_runs/HerwigForcedSplitting/gg_hhhg_c3d4_10k_hhhbb_153_20260727,/mnt/ssd2/Projects/4H/QuadrupleHiggsAnalysis_runs/HerwigForcedSplitting/gg_hhhg_c3d4_10k_hhhbb_153_20260727/events/run_gg_hhhg_4_30.0_700.0_hhhbb_stage2.root,7985361,/mnt/ssd2/Projects/4H/QuadrupleHiggsAnalysis_runs/HerwigForcedSplitting/gg_hhhg_c3d4_10k_hhhbb_153_20260727/run_gg_hhhg_4_30.0_700.0/merge_summary.json,10000,0,0.0253404190539,25.3404190539,2.53e-05,25.3,0.00159504283689,ok
52,-0.866025,0.0,run_gg_hhhg_4_-0.866025_0.0,/mnt/ssd2/Projects/4H/QuadrupleHiggsAnalysis_runs/HerwigForcedSplitting/gg_hhhg_c3d4_10k_hhhbb_153_20260727,/mnt/ssd2/Projects/4H/QuadrupleHiggsAnalysis_runs/HerwigForcedSplitting/gg_hhhg_c3d4_10k_hhhbb_153_20260727/events/run_gg_hhhg_4_-0.866025_0.0_hhhbb_stage2.root,8053946,/mnt/ssd2/Projects/4H/QuadrupleHiggsAnalysis_runs/HerwigForcedSplitting/gg_hhhg_c3d4_10k_hhhbb_153_20260727/run_gg_hhhg_4_-0.866025_0.0/merge_summary.json,10000,0,1.02532497934e-06,0.00102532497934,1.025e-09,0.001025,0.00031695252544,ok
53,-6.0,-200.0,run_gg_hhhg_4_-6.0_-200.0,/mnt/ssd2/Projects/4H/QuadrupleHiggsAnalysis_runs/HerwigForcedSplitting/gg_hhhg_c3d4_10k_hhhbb_153_20260727,/mnt/ssd2/Projects/4H/QuadrupleHiggsAnalysis_runs/HerwigForcedSplitting/gg_hhhg_c3d4_10k_hhhbb_153_20260727/events/run_gg_hhhg_4_-6.0_-200.0_hhhbb_stage2.root,8351641,/mnt/ssd2/Projects/4H/QuadrupleHiggsAnalysis_runs/HerwigForcedSplitting/gg_hhhg_c3d4_10k_hhhbb_153_20260727/run_gg_hhhg_4_-6.0_-200.0/merge_summary.json,10000,0,0.000137203600693,0.137203600693,1.37e-07,0.137,0.00148393112364,ok
54,6.0,-300.0,run_gg_hhhg_4_6.0_-300.0,/mnt/ssd2/Projects/4H/QuadrupleHiggsAnalysis_runs/HerwigForcedSplitting/gg_hhhg_c3d4_10k_hhhbb_153_20260727,/mnt/ssd2/Projects/4H/QuadrupleHiggsAnalysis_runs/HerwigForcedSplitting/gg_hhhg_c3d4_10k_hhhbb_153_20260727/events/run_gg_hhhg_4_6.0_-300.0_hhhbb_stage2.root,8189885,/mnt/ssd2/Projects/4H/QuadrupleHiggsAnalysis_runs/HerwigForcedSplitting/gg_hhhg_c3d4_10k_hhhbb_153_20260727/run_gg_hhhg_4_6.0_-300.0/merge_summary.json,10000,0,0.000605325305696,0.605325305696,6.05e-07,0.605,0.000537406405178,ok
55,12.0,-100.0,run_gg_hhhg_4_12.0_-100.0,/mnt/ssd2/Projects/4H/QuadrupleHiggsAnalysis_runs/HerwigForcedSplitting/gg_hhhg_c3d4_10k_hhhbb_153_20260727,/mnt/ssd2/Projects/4H/QuadrupleHiggsAnalysis_runs/HerwigForcedSplitting/gg_hhhg_c3d4_10k_hhhbb_153_20260727/events/run_gg_hhhg_4_12.0_-100.0_hhhbb_stage2.root,7942679,/mnt/ssd2/Projects/4H/QuadrupleHiggsAnalysis_runs/HerwigForcedSplitting/gg_hhhg_c3d4_10k_hhhbb_153_20260727/run_gg_hhhg_4_12.0_-100.0/merge_summary.json,10000,0,6.88959413286e-05,0.0688959413286,6.89e-08,0.0689,5.89101675189e-05,ok
56,1.0,-70.7107,run_gg_hhhg_4_1.0_-70.7107,/mnt/ssd2/Projects/4H/QuadrupleHiggsAnalysis_runs/HerwigForcedSplitting/gg_hhhg_c3d4_10k_hhhbb_153_20260727,/mnt/ssd2/Projects/4H/QuadrupleHiggsAnalysis_runs/HerwigForcedSplitting/gg_hhhg_c3d4_10k_hhhbb_153_20260727/events/run_gg_hhhg_4_1.0_-70.7107_hhhbb_stage2.root,8192730,/mnt/ssd2/Projects/4H/QuadrupleHiggsAnalysis_runs/HerwigForcedSplitting/gg_hhhg_c3d4_10k_hhhbb_153_20260727/run_gg_hhhg_4_1.0_-70.7107/merge_summary.json,10000,0,4.43721459499e-05,0.0443721459499,4.44e-08,0.0444,0.000627737276476,ok
57,-12.0,-100.0,run_gg_hhhg_4_-12.0_-100.0,/mnt/ssd2/Projects/4H/QuadrupleHiggsAnalysis_runs/HerwigForcedSplitting/gg_hhhg_c3d4_10k_hhhbb_153_20260727,/mnt/ssd2/Projects/4H/QuadrupleHiggsAnalysis_runs/HerwigForcedSplitting/gg_hhhg_c3d4_10k_hhhbb_153_20260727/events/run_gg_hhhg_4_-12.0_-100.0_hhhbb_stage2.root,7843173,/mnt/ssd2/Projects/4H/QuadrupleHiggsAnalysis_runs/HerwigForcedSplitting/gg_hhhg_c3d4_10k_hhhbb_153_20260727/run_gg_hhhg_4_-12.0_-100.0/merge_summary.json,10000,0,0.000260327692109,0.260327692109,2.6e-07,0.26,0.00125876777027,ok
58,9.0,-200.0,run_gg_hhhg_4_9.0_-200.0,/mnt/ssd2/Projects/4H/QuadrupleHiggsAnalysis_runs/HerwigForcedSplitting/gg_hhhg_c3d4_10k_hhhbb_153_20260727,/mnt/ssd2/Projects/4H/QuadrupleHiggsAnalysis_runs/HerwigForcedSplitting/gg_hhhg_c3d4_10k_hhhbb_153_20260727/events/run_gg_hhhg_4_9.0_-200.0_hhhbb_stage2.root,8328744,/mnt/ssd2/Projects/4H/QuadrupleHiggsAnalysis_runs/HerwigForcedSplitting/gg_hhhg_c3d4_10k_hhhbb_153_20260727/run_gg_hhhg_4_9.0_-200.0/merge_summary.json,10000,0,0.000158959086329,0.158959086329,1.59e-07,0.159,0.000257384917047,ok
59,12.0,0.0,run_gg_hhhg_4_12.0_0.0,/mnt/ssd2/Projects/4H/QuadrupleHiggsAnalysis_runs/HerwigForcedSplitting/gg_hhhg_c3d4_10k_hhhbb_153_20260727,/mnt/ssd2/Projects/4H/QuadrupleHiggsAnalysis_runs/HerwigForcedSplitting/gg_hhhg_c3d4_10k_hhhbb_153_20260727/events/run_gg_hhhg_4_12.0_0.0_hhhbb_stage2.root,7932045,/mnt/ssd2/Projects/4H/QuadrupleHiggsAnalysis_runs/HerwigForcedSplitting/gg_hhhg_c3d4_10k_hhhbb_153_20260727/run_gg_hhhg_4_12.0_0.0/merge_summary.json,10000,1,0.000208924427621,0.208924427621,2.09e-07,0.209,0.000361721122875,ok
60,3.0,100.0,run_gg_hhhg_4_3.0_100.0,/mnt/ssd2/Projects/4H/QuadrupleHiggsAnalysis_runs/HerwigForcedSplitting/gg_hhhg_c3d4_10k_hhhbb_153_20260727,/mnt/ssd2/Projects/4H/QuadrupleHiggsAnalysis_runs/HerwigForcedSplitting/gg_hhhg_c3d4_10k_hhhbb_153_20260727/events/run_gg_hhhg_4_3.0_100.0_hhhbb_stage2.root,8133104,/mnt/ssd2/Projects/4H/QuadrupleHiggsAnalysis_runs/HerwigForcedSplitting/gg_hhhg_c3d4_10k_hhhbb_153_20260727/run_gg_hhhg_4_3.0_100.0/merge_summary.json,10000,0,7.09521274937e-05,0.0709521274937,7.09e-08,0.0709,0.000734685421932,ok
61,3.0,0.0,run_gg_hhhg_4_3.0_0.0,/mnt/ssd2/Projects/4H/QuadrupleHiggsAnalysis_runs/HerwigForcedSplitting/gg_hhhg_c3d4_10k_hhhbb_153_20260727,/mnt/ssd2/Projects/4H/QuadrupleHiggsAnalysis_runs/HerwigForcedSplitting/gg_hhhg_c3d4_10k_hhhbb_153_20260727/events/run_gg_hhhg_4_3.0_0.0_hhhbb_stage2.root,8263704,/mnt/ssd2/Projects/4H/QuadrupleHiggsAnalysis_runs/HerwigForcedSplitting/gg_hhhg_c3d4_10k_hhhbb_153_20260727/run_gg_hhhg_4_3.0_0.0/merge_summary.json,10000,0,1.12600123474e-06,0.00112600123474,1.126e-09,0.001126,1.09657209849e-06,ok
62,12.0,200.0,run_gg_hhhg_4_12.0_200.0,/mnt/ssd2/Projects/4H/QuadrupleHiggsAnalysis_runs/HerwigForcedSplitting/gg_hhhg_c3d4_10k_hhhbb_153_20260727,/mnt/ssd2/Projects/4H/QuadrupleHiggsAnalysis_runs/HerwigForcedSplitting/gg_hhhg_c3d4_10k_hhhbb_153_20260727/events/run_gg_hhhg_4_12.0_200.0_hhhbb_stage2.root,8029037,/mnt/ssd2/Projects/4H/QuadrupleHiggsAnalysis_runs/HerwigForcedSplitting/gg_hhhg_c3d4_10k_hhhbb_153_20260727/run_gg_hhhg_4_12.0_200.0/merge_summary.json,10000,0,0.000942722429156,0.942722429156,9.43e-07,0.943,0.00029443538817,ok
63,9.0,0.0,run_gg_hhhg_4_9.0_0.0,/mnt/ssd2/Projects/4H/QuadrupleHiggsAnalysis_runs/HerwigForcedSplitting/gg_hhhg_c3d4_10k_hhhbb_153_20260727,/mnt/ssd2/Projects/4H/QuadrupleHiggsAnalysis_runs/HerwigForcedSplitting/gg_hhhg_c3d4_10k_hhhbb_153_20260727/events/run_gg_hhhg_4_9.0_0.0_hhhbb_stage2.root,7928388,/mnt/ssd2/Projects/4H/QuadrupleHiggsAnalysis_runs/HerwigForcedSplitting/gg_hhhg_c3d4_10k_hhhbb_153_20260727/run_gg_hhhg_4_9.0_0.0/merge_summary.json,10000,0,5.56979999773e-05,0.0556979999773,5.57e-08,0.0557,3.5908339938e-05,ok
64,-21.2132,-700.0,run_gg_hhhg_4_-21.2132_-700.0,/mnt/ssd2/Projects/4H/QuadrupleHiggsAnalysis_runs/HerwigForcedSplitting/gg_hhhg_c3d4_10k_hhhbb_153_20260727,/mnt/ssd2/Projects/4H/QuadrupleHiggsAnalysis_runs/HerwigForcedSplitting/gg_hhhg_c3d4_10k_hhhbb_153_20260727/events/run_gg_hhhg_4_-21.2132_-700.0_hhhbb_stage2.root,8193858,/mnt/ssd2/Projects/4H/QuadrupleHiggsAnalysis_runs/HerwigForcedSplitting/gg_hhhg_c3d4_10k_hhhbb_153_20260727/run_gg_hhhg_4_-21.2132_-700.0/merge_summary.json,10000,0,0.000591185344991,0.591185344991,5.91e-07,0.591,0.000313514183372,ok
65,-3.0,100.0,run_gg_hhhg_4_-3.0_100.0,/mnt/ssd2/Projects/4H/QuadrupleHiggsAnalysis_runs/HerwigForcedSplitting/gg_hhhg_c3d4_10k_hhhbb_153_20260727,/mnt/ssd2/Projects/4H/QuadrupleHiggsAnalysis_runs/HerwigForcedSplitting/gg_hhhg_c3d4_10k_hhhbb_153_20260727/events/run_gg_hhhg_4_-3.0_100.0_hhhbb_stage2.root,8071172,/mnt/ssd2/Projects/4H/QuadrupleHiggsAnalysis_runs/HerwigForcedSplitting/gg_hhhg_c3d4_10k_hhhbb_153_20260727/run_gg_hhhg_4_-3.0_100.0/merge_summary.json,10000,0,0.00011670613772,0.11670613772,1.17e-07,0.117,0.00251796765252,ok
66,21.2132,-700.0,run_gg_hhhg_4_21.2132_-700.0,/mnt/ssd2/Projects/4H/QuadrupleHiggsAnalysis_runs/HerwigForcedSplitting/gg_hhhg_c3d4_10k_hhhbb_153_20260727,/mnt/ssd2/Projects/4H/QuadrupleHiggsAnalysis_runs/HerwigForcedSplitting/gg_hhhg_c3d4_10k_hhhbb_153_20260727/events/run_gg_hhhg_4_21.2132_-700.0_hhhbb_stage2.root,8569673,/mnt/ssd2/Projects/4H/QuadrupleHiggsAnalysis_runs/HerwigForcedSplitting/gg_hhhg_c3d4_10k_hhhbb_153_20260727/run_gg_hhhg_4_21.2132_-700.0/merge_summary.json,10000,0,0.000686065164577,0.686065164577,6.86e-07,0.686,9.49830716258e-05,ok
67,-1.0,70.7107,run_gg_hhhg_4_-1.0_70.7107,/mnt/ssd2/Projects/4H/QuadrupleHiggsAnalysis_runs/HerwigForcedSplitting/gg_hhhg_c3d4_10k_hhhbb_153_20260727,/mnt/ssd2/Projects/4H/QuadrupleHiggsAnalysis_runs/HerwigForcedSplitting/gg_hhhg_c3d4_10k_hhhbb_153_20260727/events/run_gg_hhhg_4_-1.0_70.7107_hhhbb_stage2.root,8100386,/mnt/ssd2/Projects/4H/QuadrupleHiggsAnalysis_runs/HerwigForcedSplitting/gg_hhhg_c3d4_10k_hhhbb_153_20260727/run_gg_hhhg_4_-1.0_70.7107/merge_summary.json,10000,1,3.9067846749e-05,0.039067846749,3.91e-08,0.0391,0.000823010574562,ok
68,-6.0,100.0,run_gg_hhhg_4_-6.0_100.0,/mnt/ssd2/Projects/4H/QuadrupleHiggsAnalysis_runs/HerwigForcedSplitting/gg_hhhg_c3d4_10k_hhhbb_153_20260727,/mnt/ssd2/Projects/4H/QuadrupleHiggsAnalysis_runs/HerwigForcedSplitting/gg_hhhg_c3d4_10k_hhhbb_153_20260727/events/run_gg_hhhg_4_-6.0_100.0_hhhbb_stage2.root,8034562,/mnt/ssd2/Projects/4H/QuadrupleHiggsAnalysis_runs/HerwigForcedSplitting/gg_hhhg_c3d4_10k_hhhbb_153_20260727/run_gg_hhhg_4_-6.0_100.0/merge_summary.json,10000,1,0.000236858710561,0.236858710561,2.37e-07,0.237,0.00059651358845,ok
69,-9.0,100.0,run_gg_hhhg_4_-9.0_100.0,/mnt/ssd2/Projects/4H/QuadrupleHiggsAnalysis_runs/HerwigForcedSplitting/gg_hhhg_c3d4_10k_hhhbb_153_20260727,/mnt/ssd2/Projects/4H/QuadrupleHiggsAnalysis_runs/HerwigForcedSplitting/gg_hhhg_c3d4_10k_hhhbb_153_20260727/events/run_gg_hhhg_4_-9.0_100.0_hhhbb_stage2.root,8004060,/mnt/ssd2/Projects/4H/QuadrupleHiggsAnalysis_runs/HerwigForcedSplitting/gg_hhhg_c3d4_10k_hhhbb_153_20260727/run_gg_hhhg_4_-9.0_100.0/merge_summary.json,10000,1,0.000512344979419,0.512344979419,5.12e-07,0.512,0.000673334243622,ok
70,0.0,-70.7107,run_gg_hhhg_4_0.0_-70.7107,/mnt/ssd2/Projects/4H/QuadrupleHiggsAnalysis_runs/HerwigForcedSplitting/gg_hhhg_c3d4_10k_hhhbb_153_20260727,/mnt/ssd2/Projects/4H/QuadrupleHiggsAnalysis_runs/HerwigForcedSplitting/gg_hhhg_c3d4_10k_hhhbb_153_20260727/events/run_gg_hhhg_4_0.0_-70.7107_hhhbb_stage2.root,8187496,/mnt/ssd2/Projects/4H/QuadrupleHiggsAnalysis_runs/HerwigForcedSplitting/gg_hhhg_c3d4_10k_hhhbb_153_20260727/run_gg_hhhg_4_0.0_-70.7107/merge_summary.json,10000,0,4.12386591671e-05,0.0412386591671,4.12e-08,0.0412,0.00093744966284,ok
71,-25.9808,0.0,run_gg_hhhg_4_-25.9808_0.0,/mnt/ssd2/Projects/4H/QuadrupleHiggsAnalysis_runs/HerwigForcedSplitting/gg_hhhg_c3d4_10k_hhhbb_153_20260727,/mnt/ssd2/Projects/4H/QuadrupleHiggsAnalysis_runs/HerwigForcedSplitting/gg_hhhg_c3d4_10k_hhhbb_153_20260727/events/run_gg_hhhg_4_-25.9808_0.0_hhhbb_stage2.root,7913758,/mnt/ssd2/Projects/4H/QuadrupleHiggsAnalysis_runs/HerwigForcedSplitting/gg_hhhg_c3d4_10k_hhhbb_153_20260727/run_gg_hhhg_4_-25.9808_0.0/merge_summary.json,10000,0,0.00911366926395,9.11366926395,9.11e-06,9.11,0.000402611050327,ok
72,-15.0,0.0,run_gg_hhhg_4_-15.0_0.0,/mnt/ssd2/Projects/4H/QuadrupleHiggsAnalysis_runs/HerwigForcedSplitting/gg_hhhg_c3d4_10k_hhhbb_153_20260727,/mnt/ssd2/Projects/4H/QuadrupleHiggsAnalysis_runs/HerwigForcedSplitting/gg_hhhg_c3d4_10k_hhhbb_153_20260727/events/run_gg_hhhg_4_-15.0_0.0_hhhbb_stage2.root,7888957,/mnt/ssd2/Projects/4H/QuadrupleHiggsAnalysis_runs/HerwigForcedSplitting/gg_hhhg_c3d4_10k_hhhbb_153_20260727/run_gg_hhhg_4_-15.0_0.0/merge_summary.json,10000,0,0.00121864420339,1.21864420339,1.22e-06,1.22,0.00111254508118,ok
73,-30.0,0.0,run_gg_hhhg_4_-30.0_0.0,/mnt/ssd2/Projects/4H/QuadrupleHiggsAnalysis_runs/HerwigForcedSplitting/gg_hhhg_c3d4_10k_hhhbb_153_20260727,/mnt/ssd2/Projects/4H/QuadrupleHiggsAnalysis_runs/HerwigForcedSplitting/gg_hhhg_c3d4_10k_hhhbb_153_20260727/events/run_gg_hhhg_4_-30.0_0.0_hhhbb_stage2.root,7896467,/mnt/ssd2/Projects/4H/QuadrupleHiggsAnalysis_runs/HerwigForcedSplitting/gg_hhhg_c3d4_10k_hhhbb_153_20260727/run_gg_hhhg_4_-30.0_0.0/merge_summary.json,10000,0,0.0158065122907,15.8065122907,1.58e-05,15.8,0.00041200048304,ok
74,9.0,200.0,run_gg_hhhg_4_9.0_200.0,/mnt/ssd2/Projects/4H/QuadrupleHiggsAnalysis_runs/HerwigForcedSplitting/gg_hhhg_c3d4_10k_hhhbb_153_20260727,/mnt/ssd2/Projects/4H/QuadrupleHiggsAnalysis_runs/HerwigForcedSplitting/gg_hhhg_c3d4_10k_hhhbb_153_20260727/events/run_gg_hhhg_4_9.0_200.0_hhhbb_stage2.root,8051607,/mnt/ssd2/Projects/4H/QuadrupleHiggsAnalysis_runs/HerwigForcedSplitting/gg_hhhg_c3d4_10k_hhhbb_153_20260727/run_gg_hhhg_4_9.0_200.0/merge_summary.json,10000,0,0.00056783364666,0.56783364666,5.68e-07,0.568,0.000292961399918,ok
75,-0.5,100.0,run_gg_hhhg_4_-0.5_100.0,/mnt/ssd2/Projects/4H/QuadrupleHiggsAnalysis_runs/HerwigForcedSplitting/gg_hhhg_c3d4_10k_hhhbb_153_20260727,/mnt/ssd2/Projects/4H/QuadrupleHiggsAnalysis_runs/HerwigForcedSplitting/gg_hhhg_c3d4_10k_hhhbb_153_20260727/events/run_gg_hhhg_4_-0.5_100.0_hhhbb_stage2.root,8122277,/mnt/ssd2/Projects/4H/QuadrupleHiggsAnalysis_runs/HerwigForcedSplitting/gg_hhhg_c3d4_10k_hhhbb_153_20260727/run_gg_hhhg_4_-0.5_100.0/merge_summary.json,10000,0,7.31072203012e-05,0.0731072203012,7.31e-08,0.0731,9.8763175092e-05,ok
76,6.0,0.0,run_gg_hhhg_4_6.0_0.0,/mnt/ssd2/Projects/4H/QuadrupleHiggsAnalysis_runs/HerwigForcedSplitting/gg_hhhg_c3d4_10k_hhhbb_153_20260727,/mnt/ssd2/Projects/4H/QuadrupleHiggsAnalysis_runs/HerwigForcedSplitting/gg_hhhg_c3d4_10k_hhhbb_153_20260727/events/run_gg_hhhg_4_6.0_0.0_hhhbb_stage2.root,8009444,/mnt/ssd2/Projects/4H/QuadrupleHiggsAnalysis_runs/HerwigForcedSplitting/gg_hhhg_c3d4_10k_hhhbb_153_20260727/run_gg_hhhg_4_6.0_0.0/merge_summary.json,10000,0,1.01180014436e-05,0.0101180014436,1.012e-08,0.01012,0.000197524816414,ok
77,1.0,70.7107,run_gg_hhhg_4_1.0_70.7107,/mnt/ssd2/Projects/4H/QuadrupleHiggsAnalysis_runs/HerwigForcedSplitting/gg_hhhg_c3d4_10k_hhhbb_153_20260727,/mnt/ssd2/Projects/4H/QuadrupleHiggsAnalysis_runs/HerwigForcedSplitting/gg_hhhg_c3d4_10k_hhhbb_153_20260727/events/run_gg_hhhg_4_1.0_70.7107_hhhbb_stage2.root,8157739,/mnt/ssd2/Projects/4H/QuadrupleHiggsAnalysis_runs/HerwigForcedSplitting/gg_hhhg_c3d4_10k_hhhbb_153_20260727/run_gg_hhhg_4_1.0_70.7107/merge_summary.json,10000,0,3.11081513769e-05,0.0311081513769,3.11e-08,0.0311,0.000262033473007,ok
78,0.866025,0.0,run_gg_hhhg_4_0.866025_0.0,/mnt/ssd2/Projects/4H/QuadrupleHiggsAnalysis_runs/HerwigForcedSplitting/gg_hhhg_c3d4_10k_hhhbb_153_20260727,/mnt/ssd2/Projects/4H/QuadrupleHiggsAnalysis_runs/HerwigForcedSplitting/gg_hhhg_c3d4_10k_hhhbb_153_20260727/events/run_gg_hhhg_4_0.866025_0.0_hhhbb_stage2.root,8441279,/mnt/ssd2/Projects/4H/QuadrupleHiggsAnalysis_runs/HerwigForcedSplitting/gg_hhhg_c3d4_10k_hhhbb_153_20260727/run_gg_hhhg_4_0.866025_0.0/merge_summary.json,10000,0,3.68400503391e-07,0.000368400503391,3.68e-10,0.000368,0.00108714126939,ok
79,-3.0,-100.0,run_gg_hhhg_4_-3.0_-100.0,/mnt/ssd2/Projects/4H/QuadrupleHiggsAnalysis_runs/HerwigForcedSplitting/gg_hhhg_c3d4_10k_hhhbb_153_20260727,/mnt/ssd2/Projects/4H/QuadrupleHiggsAnalysis_runs/HerwigForcedSplitting/gg_hhhg_c3d4_10k_hhhbb_153_20260727/events/run_gg_hhhg_4_-3.0_-100.0_hhhbb_stage2.root,8276308,/mnt/ssd2/Projects/4H/QuadrupleHiggsAnalysis_runs/HerwigForcedSplitting/gg_hhhg_c3d4_10k_hhhbb_153_20260727/run_gg_hhhg_4_-3.0_-100.0/merge_summary.json,10000,0,5.11010251578e-05,0.0511010251578,5.11e-08,0.0511,2.00613938419e-05,ok
80,-12.0,200.0,run_gg_hhhg_4_-12.0_200.0,/mnt/ssd2/Projects/4H/QuadrupleHiggsAnalysis_runs/HerwigForcedSplitting/gg_hhhg_c3d4_10k_hhhbb_153_20260727,/mnt/ssd2/Projects/4H/QuadrupleHiggsAnalysis_runs/HerwigForcedSplitting/gg_hhhg_c3d4_10k_hhhbb_153_20260727/events/run_gg_hhhg_4_-12.0_200.0_hhhbb_stage2.root,7993838,/mnt/ssd2/Projects/4H/QuadrupleHiggsAnalysis_runs/HerwigForcedSplitting/gg_hhhg_c3d4_10k_hhhbb_153_20260727/run_gg_hhhg_4_-12.0_200.0/merge_summary.json,10000,2,0.00158786765133,1.58786765133,1.59e-06,1.59,0.00134290075638,ok
81,0.866025,-70.7107,run_gg_hhhg_4_0.866025_-70.7107,/mnt/ssd2/Projects/4H/QuadrupleHiggsAnalysis_runs/HerwigForcedSplitting/gg_hhhg_c3d4_10k_hhhbb_153_20260727,/mnt/ssd2/Projects/4H/QuadrupleHiggsAnalysis_runs/HerwigForcedSplitting/gg_hhhg_c3d4_10k_hhhbb_153_20260727/events/run_gg_hhhg_4_0.866025_-70.7107_hhhbb_stage2.root,8176727,/mnt/ssd2/Projects/4H/QuadrupleHiggsAnalysis_runs/HerwigForcedSplitting/gg_hhhg_c3d4_10k_hhhbb_153_20260727/run_gg_hhhg_4_0.866025_-70.7107/merge_summary.json,10000,0,4.3985886158e-05,0.043985886158,4.4e-08,0.044,0.000320872062144,ok
82,0.0,-300.0,run_gg_hhhg_4_0.0_-300.0,/mnt/ssd2/Projects/4H/QuadrupleHiggsAnalysis_runs/HerwigForcedSplitting/gg_hhhg_c3d4_10k_hhhbb_153_20260727,/mnt/ssd2/Projects/4H/QuadrupleHiggsAnalysis_runs/HerwigForcedSplitting/gg_hhhg_c3d4_10k_hhhbb_153_20260727/events/run_gg_hhhg_4_0.0_-300.0_hhhbb_stage2.root,8147979,/mnt/ssd2/Projects/4H/QuadrupleHiggsAnalysis_runs/HerwigForcedSplitting/gg_hhhg_c3d4_10k_hhhbb_153_20260727/run_gg_hhhg_4_0.0_-300.0/merge_summary.json,10000,1,0.000690891118566,0.690891118566,6.91e-07,0.691,0.000157595648398,ok
83,0.5,-100.0,run_gg_hhhg_4_0.5_-100.0,/mnt/ssd2/Projects/4H/QuadrupleHiggsAnalysis_runs/HerwigForcedSplitting/gg_hhhg_c3d4_10k_hhhbb_153_20260727,/mnt/ssd2/Projects/4H/QuadrupleHiggsAnalysis_runs/HerwigForcedSplitting/gg_hhhg_c3d4_10k_hhhbb_153_20260727/events/run_gg_hhhg_4_0.5_-100.0_hhhbb_stage2.root,8181828,/mnt/ssd2/Projects/4H/QuadrupleHiggsAnalysis_runs/HerwigForcedSplitting/gg_hhhg_c3d4_10k_hhhbb_153_20260727/run_gg_hhhg_4_0.5_-100.0/merge_summary.json,10000,0,8.19968400236e-05,0.0819968400236,8.2e-08,0.082,3.85377829143e-05,ok
84,-0.965926,0.0,run_gg_hhhg_4_-0.965926_0.0,/mnt/ssd2/Projects/4H/QuadrupleHiggsAnalysis_runs/HerwigForcedSplitting/gg_hhhg_c3d4_10k_hhhbb_153_20260727,/mnt/ssd2/Projects/4H/QuadrupleHiggsAnalysis_runs/HerwigForcedSplitting/gg_hhhg_c3d4_10k_hhhbb_153_20260727/events/run_gg_hhhg_4_-0.965926_0.0_hhhbb_stage2.root,8029521,/mnt/ssd2/Projects/4H/QuadrupleHiggsAnalysis_runs/HerwigForcedSplitting/gg_hhhg_c3d4_10k_hhhbb_153_20260727/run_gg_hhhg_4_-0.965926_0.0/merge_summary.json,10000,1,1.06552436354e-06,0.00106552436354,1.065e-09,0.001065,0.000492117831729,ok
85,-21.2132,700.0,run_gg_hhhg_4_-21.2132_700.0,/mnt/ssd2/Projects/4H/QuadrupleHiggsAnalysis_runs/HerwigForcedSplitting/gg_hhhg_c3d4_10k_hhhbb_153_20260727,/mnt/ssd2/Projects/4H/QuadrupleHiggsAnalysis_runs/HerwigForcedSplitting/gg_hhhg_c3d4_10k_hhhbb_153_20260727/events/run_gg_hhhg_4_-21.2132_700.0_hhhbb_stage2.root,8025154,/mnt/ssd2/Projects/4H/QuadrupleHiggsAnalysis_runs/HerwigForcedSplitting/gg_hhhg_c3d4_10k_hhhbb_153_20260727/run_gg_hhhg_4_-21.2132_700.0/merge_summary.json,10000,1,0.0156430553963,15.6430553963,1.56e-05,15.6,0.00275236488372,ok
86,-6.0,200.0,run_gg_hhhg_4_-6.0_200.0,/mnt/ssd2/Projects/4H/QuadrupleHiggsAnalysis_runs/HerwigForcedSplitting/gg_hhhg_c3d4_10k_hhhbb_153_20260727,/mnt/ssd2/Projects/4H/QuadrupleHiggsAnalysis_runs/HerwigForcedSplitting/gg_hhhg_c3d4_10k_hhhbb_153_20260727/events/run_gg_hhhg_4_-6.0_200.0_hhhbb_stage2.root,8057906,/mnt/ssd2/Projects/4H/QuadrupleHiggsAnalysis_runs/HerwigForcedSplitting/gg_hhhg_c3d4_10k_hhhbb_153_20260727/run_gg_hhhg_4_-6.0_200.0/merge_summary.json,10000,0,0.000561441888102,0.561441888102,5.61e-07,0.561,0.000787059374989,ok
87,9.0,-100.0,run_gg_hhhg_4_9.0_-100.0,/mnt/ssd2/Projects/4H/QuadrupleHiggsAnalysis_runs/HerwigForcedSplitting/gg_hhhg_c3d4_10k_hhhbb_153_20260727,/mnt/ssd2/Projects/4H/QuadrupleHiggsAnalysis_runs/HerwigForcedSplitting/gg_hhhg_c3d4_10k_hhhbb_153_20260727/events/run_gg_hhhg_4_9.0_-100.0_hhhbb_stage2.root,8403429,/mnt/ssd2/Projects/4H/QuadrupleHiggsAnalysis_runs/HerwigForcedSplitting/gg_hhhg_c3d4_10k_hhhbb_153_20260727/run_gg_hhhg_4_9.0_-100.0/merge_summary.json,10000,0,3.30194636487e-05,0.0330194636487,3.3e-08,0.033,0.000589459868744,ok
88,-6.0,300.0,run_gg_hhhg_4_-6.0_300.0,/mnt/ssd2/Projects/4H/QuadrupleHiggsAnalysis_runs/HerwigForcedSplitting/gg_hhhg_c3d4_10k_hhhbb_153_20260727,/mnt/ssd2/Projects/4H/QuadrupleHiggsAnalysis_runs/HerwigForcedSplitting/gg_hhhg_c3d4_10k_hhhbb_153_20260727/events/run_gg_hhhg_4_-6.0_300.0_hhhbb_stage2.root,8090258,/mnt/ssd2/Projects/4H/QuadrupleHiggsAnalysis_runs/HerwigForcedSplitting/gg_hhhg_c3d4_10k_hhhbb_153_20260727/run_gg_hhhg_4_-6.0_300.0/merge_summary.json,10000,0,0.00106818682845,1.06818682845,1.068e-06,1.068,0.000174902408392,ok
89,30.0,0.0,run_gg_hhhg_4_30.0_0.0,/mnt/ssd2/Projects/4H/QuadrupleHiggsAnalysis_runs/HerwigForcedSplitting/gg_hhhg_c3d4_10k_hhhbb_153_20260727,/mnt/ssd2/Projects/4H/QuadrupleHiggsAnalysis_runs/HerwigForcedSplitting/gg_hhhg_c3d4_10k_hhhbb_153_20260727/events/run_gg_hhhg_4_30.0_0.0_hhhbb_stage2.root,7873809,/mnt/ssd2/Projects/4H/QuadrupleHiggsAnalysis_runs/HerwigForcedSplitting/gg_hhhg_c3d4_10k_hhhbb_153_20260727/run_gg_hhhg_4_30.0_0.0/merge_summary.json,10000,0,0.0105552340714,10.5552340714,1.055e-05,10.55,0.000495874501935,ok
90,-9.0,200.0,run_gg_hhhg_4_-9.0_200.0,/mnt/ssd2/Projects/4H/QuadrupleHiggsAnalysis_runs/HerwigForcedSplitting/gg_hhhg_c3d4_10k_hhhbb_153_20260727,/mnt/ssd2/Projects/4H/QuadrupleHiggsAnalysis_runs/HerwigForcedSplitting/gg_hhhg_c3d4_10k_hhhbb_153_20260727/events/run_gg_hhhg_4_-9.0_200.0_hhhbb_stage2.root,8027090,/mnt/ssd2/Projects/4H/QuadrupleHiggsAnalysis_runs/HerwigForcedSplitting/gg_hhhg_c3d4_10k_hhhbb_153_20260727/run_gg_hhhg_4_-9.0_200.0/merge_summary.json,10000,0,0.000939149671191,0.939149671191,9.39e-07,0.939,0.000159368837215,ok
91,0.258819,0.0,run_gg_hhhg_4_0.258819_0.0,/mnt/ssd2/Projects/4H/QuadrupleHiggsAnalysis_runs/HerwigForcedSplitting/gg_hhhg_c3d4_10k_hhhbb_153_20260727,/mnt/ssd2/Projects/4H/QuadrupleHiggsAnalysis_runs/HerwigForcedSplitting/gg_hhhg_c3d4_10k_hhhbb_153_20260727/events/run_gg_hhhg_4_0.258819_0.0_hhhbb_stage2.root,8338941,/mnt/ssd2/Projects/4H/QuadrupleHiggsAnalysis_runs/HerwigForcedSplitting/gg_hhhg_c3d4_10k_hhhbb_153_20260727/run_gg_hhhg_4_0.258819_0.0/merge_summary.json,10000,1,3.76371530454e-07,0.000376371530454,3.76e-10,0.000376,0.000987137506316,ok
92,-12.0,-200.0,run_gg_hhhg_4_-12.0_-200.0,/mnt/ssd2/Projects/4H/QuadrupleHiggsAnalysis_runs/HerwigForcedSplitting/gg_hhhg_c3d4_10k_hhhbb_153_20260727,/mnt/ssd2/Projects/4H/QuadrupleHiggsAnalysis_runs/HerwigForcedSplitting/gg_hhhg_c3d4_10k_hhhbb_153_20260727/events/run_gg_hhhg_4_-12.0_-200.0_hhhbb_stage2.root,7935395,/mnt/ssd2/Projects/4H/QuadrupleHiggsAnalysis_runs/HerwigForcedSplitting/gg_hhhg_c3d4_10k_hhhbb_153_20260727/run_gg_hhhg_4_-12.0_-200.0/merge_summary.json,10000,1,0.000112664288318,0.112664288318,1.13e-07,0.113,0.00297975239076,ok
93,-0.707107,0.0,run_gg_hhhg_4_-0.707107_0.0,/mnt/ssd2/Projects/4H/QuadrupleHiggsAnalysis_runs/HerwigForcedSplitting/gg_hhhg_c3d4_10k_hhhbb_153_20260727,/mnt/ssd2/Projects/4H/QuadrupleHiggsAnalysis_runs/HerwigForcedSplitting/gg_hhhg_c3d4_10k_hhhbb_153_20260727/events/run_gg_hhhg_4_-0.707107_0.0_hhhbb_stage2.root,8087715,/mnt/ssd2/Projects/4H/QuadrupleHiggsAnalysis_runs/HerwigForcedSplitting/gg_hhhg_c3d4_10k_hhhbb_153_20260727/run_gg_hhhg_4_-0.707107_0.0/merge_summary.json,10000,0,8.49753592411e-07,0.000849753592411,8.5e-10,0.00085,0.000289975342737,ok
94,12.0,-200.0,run_gg_hhhg_4_12.0_-200.0,/mnt/ssd2/Projects/4H/QuadrupleHiggsAnalysis_runs/HerwigForcedSplitting/gg_hhhg_c3d4_10k_hhhbb_153_20260727,/mnt/ssd2/Projects/4H/QuadrupleHiggsAnalysis_runs/HerwigForcedSplitting/gg_hhhg_c3d4_10k_hhhbb_153_20260727/events/run_gg_hhhg_4_12.0_-200.0_hhhbb_stage2.root,8454207,/mnt/ssd2/Projects/4H/QuadrupleHiggsAnalysis_runs/HerwigForcedSplitting/gg_hhhg_c3d4_10k_hhhbb_153_20260727/run_gg_hhhg_4_12.0_-200.0/merge_summary.json,10000,0,8.43530582093e-05,0.0843530582093,8.43e-08,0.0843,0.000629001608883,ok
95,0.0,-100.0,run_gg_hhhg_4_0.0_-100.0,/mnt/ssd2/Projects/4H/QuadrupleHiggsAnalysis_runs/HerwigForcedSplitting/gg_hhhg_c3d4_10k_hhhbb_153_20260727,/mnt/ssd2/Projects/4H/QuadrupleHiggsAnalysis_runs/HerwigForcedSplitting/gg_hhhg_c3d4_10k_hhhbb_153_20260727/events/run_gg_hhhg_4_0.0_-100.0_hhhbb_stage2.root,8204375,/mnt/ssd2/Projects/4H/QuadrupleHiggsAnalysis_runs/HerwigForcedSplitting/gg_hhhg_c3d4_10k_hhhbb_153_20260727/run_gg_hhhg_4_0.0_-100.0/merge_summary.json,10000,1,7.81997475522e-05,0.0781997475522,7.82e-08,0.0782,3.22824261803e-06,ok
96,-0.866025,100.0,run_gg_hhhg_4_-0.866025_100.0,/mnt/ssd2/Projects/4H/QuadrupleHiggsAnalysis_runs/HerwigForcedSplitting/gg_hhhg_c3d4_10k_hhhbb_153_20260727,/mnt/ssd2/Projects/4H/QuadrupleHiggsAnalysis_runs/HerwigForcedSplitting/gg_hhhg_c3d4_10k_hhhbb_153_20260727/events/run_gg_hhhg_4_-0.866025_100.0_hhhbb_stage2.root,8123874,/mnt/ssd2/Projects/4H/QuadrupleHiggsAnalysis_runs/HerwigForcedSplitting/gg_hhhg_c3d4_10k_hhhbb_153_20260727/run_gg_hhhg_4_-0.866025_100.0/merge_summary.json,10000,0,7.740944148e-05,0.07740944148,7.74e-08,0.0774,0.000121968067709,ok
97,0.965926,0.0,run_gg_hhhg_4_0.965926_0.0,/mnt/ssd2/Projects/4H/QuadrupleHiggsAnalysis_runs/HerwigForcedSplitting/gg_hhhg_c3d4_10k_hhhbb_153_20260727,/mnt/ssd2/Projects/4H/QuadrupleHiggsAnalysis_runs/HerwigForcedSplitting/gg_hhhg_c3d4_10k_hhhbb_153_20260727/events/run_gg_hhhg_4_0.965926_0.0_hhhbb_stage2.root,8446957,/mnt/ssd2/Projects/4H/QuadrupleHiggsAnalysis_runs/HerwigForcedSplitting/gg_hhhg_c3d4_10k_hhhbb_153_20260727/run_gg_hhhg_4_0.965926_0.0/merge_summary.json,10000,1,3.82023018867e-07,0.000382023018867,3.82e-10,0.000382,6.02551837526e-05,ok
98,3.0,-100.0,run_gg_hhhg_4_3.0_-100.0,/mnt/ssd2/Projects/4H/QuadrupleHiggsAnalysis_runs/HerwigForcedSplitting/gg_hhhg_c3d4_10k_hhhbb_153_20260727,/mnt/ssd2/Projects/4H/QuadrupleHiggsAnalysis_runs/HerwigForcedSplitting/gg_hhhg_c3d4_10k_hhhbb_153_20260727/events/run_gg_hhhg_4_3.0_-100.0_hhhbb_stage2.root,8183430,/mnt/ssd2/Projects/4H/QuadrupleHiggsAnalysis_runs/HerwigForcedSplitting/gg_hhhg_c3d4_10k_hhhbb_153_20260727/run_gg_hhhg_4_3.0_-100.0/merge_summary.json,10000,1,8.51788576755e-05,0.0851788576755,8.52e-08,0.0852,0.000248210942367,ok
99,-12.0,-300.0,run_gg_hhhg_4_-12.0_-300.0,/mnt/ssd2/Projects/4H/QuadrupleHiggsAnalysis_runs/HerwigForcedSplitting/gg_hhhg_c3d4_10k_hhhbb_153_20260727,/mnt/ssd2/Projects/4H/QuadrupleHiggsAnalysis_runs/HerwigForcedSplitting/gg_hhhg_c3d4_10k_hhhbb_153_20260727/events/run_gg_hhhg_4_-12.0_-300.0_hhhbb_stage2.root,8463678,/mnt/ssd2/Projects/4H/QuadrupleHiggsAnalysis_runs/HerwigForcedSplitting/gg_hhhg_c3d4_10k_hhhbb_153_20260727/run_gg_hhhg_4_-12.0_-300.0/merge_summary.json,10000,0,0.000120813290852,0.120813290852,1.21e-07,0.121,0.00154543549393,ok
100,0.0,-200.0,run_gg_hhhg_4_0.0_-200.0,/mnt/ssd2/Projects/4H/QuadrupleHiggsAnalysis_runs/HerwigForcedSplitting/gg_hhhg_c3d4_10k_hhhbb_153_20260727,/mnt/ssd2/Projects/4H/QuadrupleHiggsAnalysis_runs/HerwigForcedSplitting/gg_hhhg_c3d4_10k_hhhbb_153_20260727/events/run_gg_hhhg_4_0.0_-200.0_hhhbb_stage2.root,8172823,/mnt/ssd2/Projects/4H/QuadrupleHiggsAnalysis_runs/HerwigForcedSplitting/gg_hhhg_c3d4_10k_hhhbb_153_20260727/run_gg_hhhg_4_0.0_-200.0/merge_summary.json,10000,1,0.000314595506272,0.314595506272,3.15e-07,0.315,0.00128575812371,ok
101,21.2132,700.0,run_gg_hhhg_4_21.2132_700.0,/mnt/ssd2/Projects/4H/QuadrupleHiggsAnalysis_runs/HerwigForcedSplitting/gg_hhhg_c3d4_10k_hhhbb_153_20260727,/mnt/ssd2/Projects/4H/QuadrupleHiggsAnalysis_runs/HerwigForcedSplitting/gg_hhhg_c3d4_10k_hhhbb_153_20260727/events/run_gg_hhhg_4_21.2132_700.0_hhhbb_stage2.root,8037714,/mnt/ssd2/Projects/4H/QuadrupleHiggsAnalysis_runs/HerwigForcedSplitting/gg_hhhg_c3d4_10k_hhhbb_153_20260727/run_gg_hhhg_4_21.2132_700.0/merge_summary.json,10000,0,0.0112919250339,11.2919250339,1.129e-05,11.29,0.000170478808027,ok
102,0.707107,0.0,run_gg_hhhg_4_0.707107_0.0,/mnt/ssd2/Projects/4H/QuadrupleHiggsAnalysis_runs/HerwigForcedSplitting/gg_hhhg_c3d4_10k_hhhbb_153_20260727,/mnt/ssd2/Projects/4H/QuadrupleHiggsAnalysis_runs/HerwigForcedSplitting/gg_hhhg_c3d4_10k_hhhbb_153_20260727/events/run_gg_hhhg_4_0.707107_0.0_hhhbb_stage2.root,8424956,/mnt/ssd2/Projects/4H/QuadrupleHiggsAnalysis_runs/HerwigForcedSplitting/gg_hhhg_c3d4_10k_hhhbb_153_20260727/run_gg_hhhg_4_0.707107_0.0/merge_summary.json,10000,0,3.53010571623e-07,0.000353010571623,3.53e-10,0.000353,2.99470446775e-05,ok
103,0.866025,-100.0,run_gg_hhhg_4_0.866025_-100.0,/mnt/ssd2/Projects/4H/QuadrupleHiggsAnalysis_runs/HerwigForcedSplitting/gg_hhhg_c3d4_10k_hhhbb_153_20260727,/mnt/ssd2/Projects/4H/QuadrupleHiggsAnalysis_runs/HerwigForcedSplitting/gg_hhhg_c3d4_10k_hhhbb_153_20260727/events/run_gg_hhhg_4_0.866025_-100.0_hhhbb_stage2.root,8189361,/mnt/ssd2/Projects/4H/QuadrupleHiggsAnalysis_runs/HerwigForcedSplitting/gg_hhhg_c3d4_10k_hhhbb_153_20260727/run_gg_hhhg_4_0.866025_-100.0/merge_summary.json,10000,0,8.1318664242e-05,0.081318664242,8.13e-08,0.0813,0.000229519781169,ok
104,3.0,-200.0,run_gg_hhhg_4_3.0_-200.0,/mnt/ssd2/Projects/4H/QuadrupleHiggsAnalysis_runs/HerwigForcedSplitting/gg_hhhg_c3d4_10k_hhhbb_153_20260727,/mnt/ssd2/Projects/4H/QuadrupleHiggsAnalysis_runs/HerwigForcedSplitting/gg_hhhg_c3d4_10k_hhhbb_153_20260727/events/run_gg_hhhg_4_3.0_-200.0_hhhbb_stage2.root,8159658,/mnt/ssd2/Projects/4H/QuadrupleHiggsAnalysis_runs/HerwigForcedSplitting/gg_hhhg_c3d4_10k_hhhbb_153_20260727/run_gg_hhhg_4_3.0_-200.0/merge_summary.json,10000,0,0.000315958820835,0.315958820835,3.16e-07,0.316,0.000130330797192,ok
105,-6.0,-300.0,run_gg_hhhg_4_-6.0_-300.0,/mnt/ssd2/Projects/4H/QuadrupleHiggsAnalysis_runs/HerwigForcedSplitting/gg_hhhg_c3d4_10k_hhhbb_153_20260727,/mnt/ssd2/Projects/4H/QuadrupleHiggsAnalysis_runs/HerwigForcedSplitting/gg_hhhg_c3d4_10k_hhhbb_153_20260727/events/run_gg_hhhg_4_-6.0_-300.0_hhhbb_stage2.root,8277700,/mnt/ssd2/Projects/4H/QuadrupleHiggsAnalysis_runs/HerwigForcedSplitting/gg_hhhg_c3d4_10k_hhhbb_153_20260727/run_gg_hhhg_4_-6.0_-300.0/merge_summary.json,10000,0,0.000409686611764,0.409686611764,4.1e-07,0.41,0.000764946246523,ok
106,0.0,700.0,run_gg_hhhg_4_0.0_700.0,/mnt/ssd2/Projects/4H/QuadrupleHiggsAnalysis_runs/HerwigForcedSplitting/gg_hhhg_c3d4_10k_hhhbb_153_20260727,/mnt/ssd2/Projects/4H/QuadrupleHiggsAnalysis_runs/HerwigForcedSplitting/gg_hhhg_c3d4_10k_hhhbb_153_20260727/events/run_gg_hhhg_4_0.0_700.0_hhhbb_stage2.root,8145479,/mnt/ssd2/Projects/4H/QuadrupleHiggsAnalysis_runs/HerwigForcedSplitting/gg_hhhg_c3d4_10k_hhhbb_153_20260727/run_gg_hhhg_4_0.0_700.0/merge_summary.json,10000,0,0.0036014297523,3.6014297523,3.6e-06,3.6,0.000396995749169,ok
107,-3.0,-200.0,run_gg_hhhg_4_-3.0_-200.0,/mnt/ssd2/Projects/4H/QuadrupleHiggsAnalysis_runs/HerwigForcedSplitting/gg_hhhg_c3d4_10k_hhhbb_153_20260727,/mnt/ssd2/Projects/4H/QuadrupleHiggsAnalysis_runs/HerwigForcedSplitting/gg_hhhg_c3d4_10k_hhhbb_153_20260727/events/run_gg_hhhg_4_-3.0_-200.0_hhhbb_stage2.root,8226999,/mnt/ssd2/Projects/4H/QuadrupleHiggsAnalysis_runs/HerwigForcedSplitting/gg_hhhg_c3d4_10k_hhhbb_153_20260727/run_gg_hhhg_4_-3.0_-200.0/merge_summary.json,10000,0,0.00024561466123,0.24561466123,2.46e-07,0.246,0.0015688752776,ok
108,-3.0,300.0,run_gg_hhhg_4_-3.0_300.0,/mnt/ssd2/Projects/4H/QuadrupleHiggsAnalysis_runs/HerwigForcedSplitting/gg_hhhg_c3d4_10k_hhhbb_153_20260727,/mnt/ssd2/Projects/4H/QuadrupleHiggsAnalysis_runs/HerwigForcedSplitting/gg_hhhg_c3d4_10k_hhhbb_153_20260727/events/run_gg_hhhg_4_-3.0_300.0_hhhbb_stage2.root,8123752,/mnt/ssd2/Projects/4H/QuadrupleHiggsAnalysis_runs/HerwigForcedSplitting/gg_hhhg_c3d4_10k_hhhbb_153_20260727/run_gg_hhhg_4_-3.0_300.0/merge_summary.json,10000,0,0.000754970860884,0.754970860884,7.55e-07,0.755,3.85963451247e-05,ok
109,0.5,70.7107,run_gg_hhhg_4_0.5_70.7107,/mnt/ssd2/Projects/4H/QuadrupleHiggsAnalysis_runs/HerwigForcedSplitting/gg_hhhg_c3d4_10k_hhhbb_153_20260727,/mnt/ssd2/Projects/4H/QuadrupleHiggsAnalysis_runs/HerwigForcedSplitting/gg_hhhg_c3d4_10k_hhhbb_153_20260727/events/run_gg_hhhg_4_0.5_70.7107_hhhbb_stage2.root,8146095,/mnt/ssd2/Projects/4H/QuadrupleHiggsAnalysis_runs/HerwigForcedSplitting/gg_hhhg_c3d4_10k_hhhbb_153_20260727/run_gg_hhhg_4_0.5_70.7107/merge_summary.json,10000,0,3.2692951854e-05,0.032692951854,3.27e-08,0.0327,0.000215586101721,ok
110,30.0,-700.0,run_gg_hhhg_4_30.0_-700.0,/mnt/ssd2/Projects/4H/QuadrupleHiggsAnalysis_runs/HerwigForcedSplitting/gg_hhhg_c3d4_10k_hhhbb_153_20260727,/mnt/ssd2/Projects/4H/QuadrupleHiggsAnalysis_runs/HerwigForcedSplitting/gg_hhhg_c3d4_10k_hhhbb_153_20260727/events/run_gg_hhhg_4_30.0_-700.0_hhhbb_stage2.root,7825282,/mnt/ssd2/Projects/4H/QuadrupleHiggsAnalysis_runs/HerwigForcedSplitting/gg_hhhg_c3d4_10k_hhhbb_153_20260727/run_gg_hhhg_4_30.0_-700.0/merge_summary.json,10000,0,0.00275647516562,2.75647516562,2.76e-06,2.76,0.00127874701137,ok
111,6.0,200.0,run_gg_hhhg_4_6.0_200.0,/mnt/ssd2/Projects/4H/QuadrupleHiggsAnalysis_runs/HerwigForcedSplitting/gg_hhhg_c3d4_10k_hhhbb_153_20260727,/mnt/ssd2/Projects/4H/QuadrupleHiggsAnalysis_runs/HerwigForcedSplitting/gg_hhhg_c3d4_10k_hhhbb_153_20260727/events/run_gg_hhhg_4_6.0_200.0_hhhbb_stage2.root,8119055,/mnt/ssd2/Projects/4H/QuadrupleHiggsAnalysis_runs/HerwigForcedSplitting/gg_hhhg_c3d4_10k_hhhbb_153_20260727/run_gg_hhhg_4_6.0_200.0/merge_summary.json,10000,0,0.00037946521115,0.37946521115,3.79e-07,0.379,0.00122596521792,ok
112,9.0,-300.0,run_gg_hhhg_4_9.0_-300.0,/mnt/ssd2/Projects/4H/QuadrupleHiggsAnalysis_runs/HerwigForcedSplitting/gg_hhhg_c3d4_10k_hhhbb_153_20260727,/mnt/ssd2/Projects/4H/QuadrupleHiggsAnalysis_runs/HerwigForcedSplitting/gg_hhhg_c3d4_10k_hhhbb_153_20260727/events/run_gg_hhhg_4_9.0_-300.0_hhhbb_stage2.root,8266587,/mnt/ssd2/Projects/4H/QuadrupleHiggsAnalysis_runs/HerwigForcedSplitting/gg_hhhg_c3d4_10k_hhhbb_153_20260727/run_gg_hhhg_4_9.0_-300.0/merge_summary.json,10000,2,0.00043462250545,0.43462250545,4.35e-07,0.435,0.000868557299734,ok
113,3.0,200.0,run_gg_hhhg_4_3.0_200.0,/mnt/ssd2/Projects/4H/QuadrupleHiggsAnalysis_runs/HerwigForcedSplitting/gg_hhhg_c3d4_10k_hhhbb_153_20260727,/mnt/ssd2/Projects/4H/QuadrupleHiggsAnalysis_runs/HerwigForcedSplitting/gg_hhhg_c3d4_10k_hhhbb_153_20260727/events/run_gg_hhhg_4_3.0_200.0_hhhbb_stage2.root,8146103,/mnt/ssd2/Projects/4H/QuadrupleHiggsAnalysis_runs/HerwigForcedSplitting/gg_hhhg_c3d4_10k_hhhbb_153_20260727/run_gg_hhhg_4_3.0_200.0/merge_summary.json,10000,0,0.000282025666223,0.282025666223,2.82e-07,0.282,9.10066929506e-05,ok
114,12.0,-300.0,run_gg_hhhg_4_12.0_-300.0,/mnt/ssd2/Projects/4H/QuadrupleHiggsAnalysis_runs/HerwigForcedSplitting/gg_hhhg_c3d4_10k_hhhbb_153_20260727,/mnt/ssd2/Projects/4H/QuadrupleHiggsAnalysis_runs/HerwigForcedSplitting/gg_hhhg_c3d4_10k_hhhbb_153_20260727/events/run_gg_hhhg_4_12.0_-300.0_hhhbb_stage2.root,8428737,/mnt/ssd2/Projects/4H/QuadrupleHiggsAnalysis_runs/HerwigForcedSplitting/gg_hhhg_c3d4_10k_hhhbb_153_20260727/run_gg_hhhg_4_12.0_-300.0/merge_summary.json,10000,0,0.00025624232659,0.25624232659,2.56e-07,0.256,0.000945693060263,ok
115,0.0,0.0,run_gg_hhhg_4_0.0_0.0,/mnt/ssd2/Projects/4H/QuadrupleHiggsAnalysis_runs/HerwigForcedSplitting/gg_hhhg_c3d4_10k_hhhbb_153_20260727,/mnt/ssd2/Projects/4H/QuadrupleHiggsAnalysis_runs/HerwigForcedSplitting/gg_hhhg_c3d4_10k_hhhbb_153_20260727/events/run_gg_hhhg_4_0.0_0.0_hhhbb_stage2.root,8274902,/mnt/ssd2/Projects/4H/QuadrupleHiggsAnalysis_runs/HerwigForcedSplitting/gg_hhhg_c3d4_10k_hhhbb_153_20260727/run_gg_hhhg_4_0.0_0.0/merge_summary.json,10000,0,4.31371657238e-07,0.000431371657238,4.31e-10,0.000431,0.000861570833058,ok
116,0.5,0.0,run_gg_hhhg_4_0.5_0.0,/mnt/ssd2/Projects/4H/QuadrupleHiggsAnalysis_runs/HerwigForcedSplitting/gg_hhhg_c3d4_10k_hhhbb_153_20260727,/mnt/ssd2/Projects/4H/QuadrupleHiggsAnalysis_runs/HerwigForcedSplitting/gg_hhhg_c3d4_10k_hhhbb_153_20260727/events/run_gg_hhhg_4_0.5_0.0_hhhbb_stage2.root,8414701,/mnt/ssd2/Projects/4H/QuadrupleHiggsAnalysis_runs/HerwigForcedSplitting/gg_hhhg_c3d4_10k_hhhbb_153_20260727/run_gg_hhhg_4_0.5_0.0/merge_summary.json,10000,1,3.59170087659e-07,0.000359170087659,3.59e-10,0.000359,0.000473557417224,ok
117,-1.0,100.0,run_gg_hhhg_4_-1.0_100.0,/mnt/ssd2/Projects/4H/QuadrupleHiggsAnalysis_runs/HerwigForcedSplitting/gg_hhhg_c3d4_10k_hhhbb_153_20260727,/mnt/ssd2/Projects/4H/QuadrupleHiggsAnalysis_runs/HerwigForcedSplitting/gg_hhhg_c3d4_10k_hhhbb_153_20260727/events/run_gg_hhhg_4_-1.0_100.0_hhhbb_stage2.root,8116417,/mnt/ssd2/Projects/4H/QuadrupleHiggsAnalysis_runs/HerwigForcedSplitting/gg_hhhg_c3d4_10k_hhhbb_153_20260727/run_gg_hhhg_4_-1.0_100.0/merge_summary.json,10000,0,7.53308843613e-05,0.0753308843613,7.53e-08,0.0753,0.00040998272614,ok
118,15.0,0.0,run_gg_hhhg_4_15.0_0.0,/mnt/ssd2/Projects/4H/QuadrupleHiggsAnalysis_runs/HerwigForcedSplitting/gg_hhhg_c3d4_10k_hhhbb_153_20260727,/mnt/ssd2/Projects/4H/QuadrupleHiggsAnalysis_runs/HerwigForcedSplitting/gg_hhhg_c3d4_10k_hhhbb_153_20260727/events/run_gg_hhhg_4_15.0_0.0_hhhbb_stage2.root,7921865,/mnt/ssd2/Projects/4H/QuadrupleHiggsAnalysis_runs/HerwigForcedSplitting/gg_hhhg_c3d4_10k_hhhbb_153_20260727/run_gg_hhhg_4_15.0_0.0/merge_summary.json,10000,1,0.000549496598618,0.549496598618,5.49e-07,0.549,0.000903733743148,ok
119,-0.5,-100.0,run_gg_hhhg_4_-0.5_-100.0,/mnt/ssd2/Projects/4H/QuadrupleHiggsAnalysis_runs/HerwigForcedSplitting/gg_hhhg_c3d4_10k_hhhbb_153_20260727,/mnt/ssd2/Projects/4H/QuadrupleHiggsAnalysis_runs/HerwigForcedSplitting/gg_hhhg_c3d4_10k_hhhbb_153_20260727/events/run_gg_hhhg_4_-0.5_-100.0_hhhbb_stage2.root,8193327,/mnt/ssd2/Projects/4H/QuadrupleHiggsAnalysis_runs/HerwigForcedSplitting/gg_hhhg_c3d4_10k_hhhbb_153_20260727/run_gg_hhhg_4_-0.5_-100.0/merge_summary.json,10000,0,7.63270254823e-05,0.0763270254823,7.63e-08,0.0763,0.000354074878316,ok
120,1.0,0.0,run_gg_hhhg_4_1.0_0.0,/mnt/ssd2/Projects/4H/QuadrupleHiggsAnalysis_runs/HerwigForcedSplitting/gg_hhhg_c3d4_10k_hhhbb_153_20260727,/mnt/ssd2/Projects/4H/QuadrupleHiggsAnalysis_runs/HerwigForcedSplitting/gg_hhhg_c3d4_10k_hhhbb_153_20260727/events/run_gg_hhhg_4_1.0_0.0_hhhbb_stage2.root,8415674,/mnt/ssd2/Projects/4H/QuadrupleHiggsAnalysis_runs/HerwigForcedSplitting/gg_hhhg_c3d4_10k_hhhbb_153_20260727/run_gg_hhhg_4_1.0_0.0/merge_summary.json,10000,0,3.72961256551e-07,0.000372961256551,3.73e-10,0.000373,0.000103880627174,ok
121,9.0,300.0,run_gg_hhhg_4_9.0_300.0,/mnt/ssd2/Projects/4H/QuadrupleHiggsAnalysis_runs/HerwigForcedSplitting/gg_hhhg_c3d4_10k_hhhbb_153_20260727,/mnt/ssd2/Projects/4H/QuadrupleHiggsAnalysis_runs/HerwigForcedSplitting/gg_hhhg_c3d4_10k_hhhbb_153_20260727/events/run_gg_hhhg_4_9.0_300.0_hhhbb_stage2.root,8091462,/mnt/ssd2/Projects/4H/QuadrupleHiggsAnalysis_runs/HerwigForcedSplitting/gg_hhhg_c3d4_10k_hhhbb_153_20260727/run_gg_hhhg_4_9.0_300.0/merge_summary.json,10000,0,0.00104400555447,1.04400555447,1.044e-06,1.044,5.32034648137e-06,ok
122,-1.0,-100.0,run_gg_hhhg_4_-1.0_-100.0,/mnt/ssd2/Projects/4H/QuadrupleHiggsAnalysis_runs/HerwigForcedSplitting/gg_hhhg_c3d4_10k_hhhbb_153_20260727,/mnt/ssd2/Projects/4H/QuadrupleHiggsAnalysis_runs/HerwigForcedSplitting/gg_hhhg_c3d4_10k_hhhbb_153_20260727/events/run_gg_hhhg_4_-1.0_-100.0_hhhbb_stage2.root,8179843,/mnt/ssd2/Projects/4H/QuadrupleHiggsAnalysis_runs/HerwigForcedSplitting/gg_hhhg_c3d4_10k_hhhbb_153_20260727/run_gg_hhhg_4_-1.0_-100.0/merge_summary.json,10000,0,6.89025636e-05,0.0689025636,6.89e-08,0.0689,3.72061628204e-05,ok
123,12.0,100.0,run_gg_hhhg_4_12.0_100.0,/mnt/ssd2/Projects/4H/QuadrupleHiggsAnalysis_runs/HerwigForcedSplitting/gg_hhhg_c3d4_10k_hhhbb_153_20260727,/mnt/ssd2/Projects/4H/QuadrupleHiggsAnalysis_runs/HerwigForcedSplitting/gg_hhhg_c3d4_10k_hhhbb_153_20260727/events/run_gg_hhhg_4_12.0_100.0_hhhbb_stage2.root,7970030,/mnt/ssd2/Projects/4H/QuadrupleHiggsAnalysis_runs/HerwigForcedSplitting/gg_hhhg_c3d4_10k_hhhbb_153_20260727/run_gg_hhhg_4_12.0_100.0/merge_summary.json,10000,0,0.000499546667915,0.499546667915,4.99e-07,0.499,0.00109432801782,ok
124,6.0,-100.0,run_gg_hhhg_4_6.0_-100.0,/mnt/ssd2/Projects/4H/QuadrupleHiggsAnalysis_runs/HerwigForcedSplitting/gg_hhhg_c3d4_10k_hhhbb_153_20260727,/mnt/ssd2/Projects/4H/QuadrupleHiggsAnalysis_runs/HerwigForcedSplitting/gg_hhhg_c3d4_10k_hhhbb_153_20260727/events/run_gg_hhhg_4_6.0_-100.0_hhhbb_stage2.root,8277595,/mnt/ssd2/Projects/4H/QuadrupleHiggsAnalysis_runs/HerwigForcedSplitting/gg_hhhg_c3d4_10k_hhhbb_153_20260727/run_gg_hhhg_4_6.0_-100.0/merge_summary.json,10000,0,5.68729832006e-05,0.0568729832006,5.69e-08,0.0569,0.000475037493436,ok
125,-3.0,-300.0,run_gg_hhhg_4_-3.0_-300.0,/mnt/ssd2/Projects/4H/QuadrupleHiggsAnalysis_runs/HerwigForcedSplitting/gg_hhhg_c3d4_10k_hhhbb_153_20260727,/mnt/ssd2/Projects/4H/QuadrupleHiggsAnalysis_runs/HerwigForcedSplitting/gg_hhhg_c3d4_10k_hhhbb_153_20260727/events/run_gg_hhhg_4_-3.0_-300.0_hhhbb_stage2.root,8177069,/mnt/ssd2/Projects/4H/QuadrupleHiggsAnalysis_runs/HerwigForcedSplitting/gg_hhhg_c3d4_10k_hhhbb_153_20260727/run_gg_hhhg_4_-3.0_-300.0/merge_summary.json,10000,0,0.000569700439569,0.569700439569,5.7e-07,0.57,0.000525820957605,ok
126,0.0,200.0,run_gg_hhhg_4_0.0_200.0,/mnt/ssd2/Projects/4H/QuadrupleHiggsAnalysis_runs/HerwigForcedSplitting/gg_hhhg_c3d4_10k_hhhbb_153_20260727,/mnt/ssd2/Projects/4H/QuadrupleHiggsAnalysis_runs/HerwigForcedSplitting/gg_hhhg_c3d4_10k_hhhbb_153_20260727/events/run_gg_hhhg_4_0.0_200.0_hhhbb_stage2.root,8159351,/mnt/ssd2/Projects/4H/QuadrupleHiggsAnalysis_runs/HerwigForcedSplitting/gg_hhhg_c3d4_10k_hhhbb_153_20260727/run_gg_hhhg_4_0.0_200.0/merge_summary.json,10000,1,0.000294782483077,0.294782483077,2.95e-07,0.295,0.000737889580125,ok
127,-0.5,-70.7107,run_gg_hhhg_4_-0.5_-70.7107,/mnt/ssd2/Projects/4H/QuadrupleHiggsAnalysis_runs/HerwigForcedSplitting/gg_hhhg_c3d4_10k_hhhbb_153_20260727,/mnt/ssd2/Projects/4H/QuadrupleHiggsAnalysis_runs/HerwigForcedSplitting/gg_hhhg_c3d4_10k_hhhbb_153_20260727/events/run_gg_hhhg_4_-0.5_-70.7107_hhhbb_stage2.root,8211546,/mnt/ssd2/Projects/4H/QuadrupleHiggsAnalysis_runs/HerwigForcedSplitting/gg_hhhg_c3d4_10k_hhhbb_153_20260727/run_gg_hhhg_4_-0.5_-70.7107/merge_summary.json,10000,0,3.90849496349e-05,0.0390849496349,3.91e-08,0.0391,0.000385068044102,ok
128,1.0,100.0,run_gg_hhhg_4_1.0_100.0,/mnt/ssd2/Projects/4H/QuadrupleHiggsAnalysis_runs/HerwigForcedSplitting/gg_hhhg_c3d4_10k_hhhbb_153_20260727,/mnt/ssd2/Projects/4H/QuadrupleHiggsAnalysis_runs/HerwigForcedSplitting/gg_hhhg_c3d4_10k_hhhbb_153_20260727/events/run_gg_hhhg_4_1.0_100.0_hhhbb_stage2.root,8150707,/mnt/ssd2/Projects/4H/QuadrupleHiggsAnalysis_runs/HerwigForcedSplitting/gg_hhhg_c3d4_10k_hhhbb_153_20260727/run_gg_hhhg_4_1.0_100.0/merge_summary.json,10000,0,6.58635342428e-05,0.0658635342428,6.59e-08,0.0659,0.00055365624734,ok
129,9.0,100.0,run_gg_hhhg_4_9.0_100.0,/mnt/ssd2/Projects/4H/QuadrupleHiggsAnalysis_runs/HerwigForcedSplitting/gg_hhhg_c3d4_10k_hhhbb_153_20260727,/mnt/ssd2/Projects/4H/QuadrupleHiggsAnalysis_runs/HerwigForcedSplitting/gg_hhhg_c3d4_10k_hhhbb_153_20260727/events/run_gg_hhhg_4_9.0_100.0_hhhbb_stage2.root,8014034,/mnt/ssd2/Projects/4H/QuadrupleHiggsAnalysis_runs/HerwigForcedSplitting/gg_hhhg_c3d4_10k_hhhbb_153_20260727/run_gg_hhhg_4_9.0_100.0/merge_summary.json,10000,0,0.000235845600514,0.235845600514,2.36e-07,0.236,0.000654663414991,ok
130,-9.0,300.0,run_gg_hhhg_4_-9.0_300.0,/mnt/ssd2/Projects/4H/QuadrupleHiggsAnalysis_runs/HerwigForcedSplitting/gg_hhhg_c3d4_10k_hhhbb_153_20260727,/mnt/ssd2/Projects/4H/QuadrupleHiggsAnalysis_runs/HerwigForcedSplitting/gg_hhhg_c3d4_10k_hhhbb_153_20260727/events/run_gg_hhhg_4_-9.0_300.0_hhhbb_stage2.root,8042759,/mnt/ssd2/Projects/4H/QuadrupleHiggsAnalysis_runs/HerwigForcedSplitting/gg_hhhg_c3d4_10k_hhhbb_153_20260727/run_gg_hhhg_4_-9.0_300.0/merge_summary.json,10000,0,0.00154777600698,1.54777600698,1.55e-06,1.55,0.00143689591543,ok
131,-3.0,200.0,run_gg_hhhg_4_-3.0_200.0,/mnt/ssd2/Projects/4H/QuadrupleHiggsAnalysis_runs/HerwigForcedSplitting/gg_hhhg_c3d4_10k_hhhbb_153_20260727,/mnt/ssd2/Projects/4H/QuadrupleHiggsAnalysis_runs/HerwigForcedSplitting/gg_hhhg_c3d4_10k_hhhbb_153_20260727/events/run_gg_hhhg_4_-3.0_200.0_hhhbb_stage2.root,8094324,/mnt/ssd2/Projects/4H/QuadrupleHiggsAnalysis_runs/HerwigForcedSplitting/gg_hhhg_c3d4_10k_hhhbb_153_20260727/run_gg_hhhg_4_-3.0_200.0/merge_summary.json,10000,0,0.000376540281865,0.376540281865,3.77e-07,0.377,0.00122090027933,ok
132,-30.0,700.0,run_gg_hhhg_4_-30.0_700.0,/mnt/ssd2/Projects/4H/QuadrupleHiggsAnalysis_runs/HerwigForcedSplitting/gg_hhhg_c3d4_10k_hhhbb_153_20260727,/mnt/ssd2/Projects/4H/QuadrupleHiggsAnalysis_runs/HerwigForcedSplitting/gg_hhhg_c3d4_10k_hhhbb_153_20260727/events/run_gg_hhhg_4_-30.0_700.0_hhhbb_stage2.root,7968151,/mnt/ssd2/Projects/4H/QuadrupleHiggsAnalysis_runs/HerwigForcedSplitting/gg_hhhg_c3d4_10k_hhhbb_153_20260727/run_gg_hhhg_4_-30.0_700.0/merge_summary.json,10000,0,0.0344518546076,34.4518546076,3.45e-05,34.5,0.00139746881325,ok
133,-6.0,-100.0,run_gg_hhhg_4_-6.0_-100.0,/mnt/ssd2/Projects/4H/QuadrupleHiggsAnalysis_runs/HerwigForcedSplitting/gg_hhhg_c3d4_10k_hhhbb_153_20260727,/mnt/ssd2/Projects/4H/QuadrupleHiggsAnalysis_runs/HerwigForcedSplitting/gg_hhhg_c3d4_10k_hhhbb_153_20260727/events/run_gg_hhhg_4_-6.0_-100.0_hhhbb_stage2.root,8407404,/mnt/ssd2/Projects/4H/QuadrupleHiggsAnalysis_runs/HerwigForcedSplitting/gg_hhhg_c3d4_10k_hhhbb_153_20260727/run_gg_hhhg_4_-6.0_-100.0/merge_summary.json,10000,0,2.26293630226e-05,0.0226293630226,2.26e-08,0.0226,0.00129756292918,ok
134,3.0,300.0,run_gg_hhhg_4_3.0_300.0,/mnt/ssd2/Projects/4H/QuadrupleHiggsAnalysis_runs/HerwigForcedSplitting/gg_hhhg_c3d4_10k_hhhbb_153_20260727,/mnt/ssd2/Projects/4H/QuadrupleHiggsAnalysis_runs/HerwigForcedSplitting/gg_hhhg_c3d4_10k_hhhbb_153_20260727/events/run_gg_hhhg_4_3.0_300.0_hhhbb_stage2.root,8154788,/mnt/ssd2/Projects/4H/QuadrupleHiggsAnalysis_runs/HerwigForcedSplitting/gg_hhhg_c3d4_10k_hhhbb_153_20260727/run_gg_hhhg_4_3.0_300.0/merge_summary.json,10000,0,0.000664238208521,0.664238208521,6.64e-07,0.664,0.000358619118972,ok
135,0.866025,100.0,run_gg_hhhg_4_0.866025_100.0,/mnt/ssd2/Projects/4H/QuadrupleHiggsAnalysis_runs/HerwigForcedSplitting/gg_hhhg_c3d4_10k_hhhbb_153_20260727,/mnt/ssd2/Projects/4H/QuadrupleHiggsAnalysis_runs/HerwigForcedSplitting/gg_hhhg_c3d4_10k_hhhbb_153_20260727/events/run_gg_hhhg_4_0.866025_100.0_hhhbb_stage2.root,8155977,/mnt/ssd2/Projects/4H/QuadrupleHiggsAnalysis_runs/HerwigForcedSplitting/gg_hhhg_c3d4_10k_hhhbb_153_20260727/run_gg_hhhg_4_0.866025_100.0/merge_summary.json,10000,1,6.59670480796e-05,0.0659670480796,6.6e-08,0.066,0.000499520918234,ok
136,0.0,70.7107,run_gg_hhhg_4_0.0_70.7107,/mnt/ssd2/Projects/4H/QuadrupleHiggsAnalysis_runs/HerwigForcedSplitting/gg_hhhg_c3d4_10k_hhhbb_153_20260727,/mnt/ssd2/Projects/4H/QuadrupleHiggsAnalysis_runs/HerwigForcedSplitting/gg_hhhg_c3d4_10k_hhhbb_153_20260727/events/run_gg_hhhg_4_0.0_70.7107_hhhbb_stage2.root,8128987,/mnt/ssd2/Projects/4H/QuadrupleHiggsAnalysis_runs/HerwigForcedSplitting/gg_hhhg_c3d4_10k_hhhbb_153_20260727/run_gg_hhhg_4_0.0_70.7107/merge_summary.json,10000,0,3.44093342768e-05,0.0344093342768,3.44e-08,0.0344,0.000271271646291,ok
137,-6.0,0.0,run_gg_hhhg_4_-6.0_0.0,/mnt/ssd2/Projects/4H/QuadrupleHiggsAnalysis_runs/HerwigForcedSplitting/gg_hhhg_c3d4_10k_hhhbb_153_20260727,/mnt/ssd2/Projects/4H/QuadrupleHiggsAnalysis_runs/HerwigForcedSplitting/gg_hhhg_c3d4_10k_hhhbb_153_20260727/events/run_gg_hhhg_4_-6.0_0.0_hhhbb_stage2.root,7915314,/mnt/ssd2/Projects/4H/QuadrupleHiggsAnalysis_runs/HerwigForcedSplitting/gg_hhhg_c3d4_10k_hhhbb_153_20260727/run_gg_hhhg_4_-6.0_0.0/merge_summary.json,10000,0,5.58761593583e-05,0.0558761593583,5.59e-08,0.0559,0.000426669297505,ok
138,6.0,300.0,run_gg_hhhg_4_6.0_300.0,/mnt/ssd2/Projects/4H/QuadrupleHiggsAnalysis_runs/HerwigForcedSplitting/gg_hhhg_c3d4_10k_hhhbb_153_20260727,/mnt/ssd2/Projects/4H/QuadrupleHiggsAnalysis_runs/HerwigForcedSplitting/gg_hhhg_c3d4_10k_hhhbb_153_20260727/events/run_gg_hhhg_4_6.0_300.0_hhhbb_stage2.root,8109960,/mnt/ssd2/Projects/4H/QuadrupleHiggsAnalysis_runs/HerwigForcedSplitting/gg_hhhg_c3d4_10k_hhhbb_153_20260727/run_gg_hhhg_4_6.0_300.0/merge_summary.json,10000,0,0.000773783432749,0.773783432749,7.74e-07,0.774,0.00027988096067,ok
139,0.866025,70.7107,run_gg_hhhg_4_0.866025_70.7107,/mnt/ssd2/Projects/4H/QuadrupleHiggsAnalysis_runs/HerwigForcedSplitting/gg_hhhg_c3d4_10k_hhhbb_153_20260727,/mnt/ssd2/Projects/4H/QuadrupleHiggsAnalysis_runs/HerwigForcedSplitting/gg_hhhg_c3d4_10k_hhhbb_153_20260727/events/run_gg_hhhg_4_0.866025_70.7107_hhhbb_stage2.root,8129142,/mnt/ssd2/Projects/4H/QuadrupleHiggsAnalysis_runs/HerwigForcedSplitting/gg_hhhg_c3d4_10k_hhhbb_153_20260727/run_gg_hhhg_4_0.866025_70.7107/merge_summary.json,10000,0,3.13565593391e-05,0.0313565593391,3.14e-08,0.0314,0.00138537715162,ok
140,-30.0,-700.0,run_gg_hhhg_4_-30.0_-700.0,/mnt/ssd2/Projects/4H/QuadrupleHiggsAnalysis_runs/HerwigForcedSplitting/gg_hhhg_c3d4_10k_hhhbb_153_20260727,/mnt/ssd2/Projects/4H/QuadrupleHiggsAnalysis_runs/HerwigForcedSplitting/gg_hhhg_c3d4_10k_hhhbb_153_20260727/events/run_gg_hhhg_4_-30.0_-700.0_hhhbb_stage2.root,7795531,/mnt/ssd2/Projects/4H/QuadrupleHiggsAnalysis_runs/HerwigForcedSplitting/gg_hhhg_c3d4_10k_hhhbb_153_20260727/run_gg_hhhg_4_-30.0_-700.0/merge_summary.json,10000,1,0.0050761069779,5.0761069779,5.08e-06,5.08,0.000766930664144,ok
141,-1.0,-70.7107,run_gg_hhhg_4_-1.0_-70.7107,/mnt/ssd2/Projects/4H/QuadrupleHiggsAnalysis_runs/HerwigForcedSplitting/gg_hhhg_c3d4_10k_hhhbb_153_20260727,/mnt/ssd2/Projects/4H/QuadrupleHiggsAnalysis_runs/HerwigForcedSplitting/gg_hhhg_c3d4_10k_hhhbb_153_20260727/events/run_gg_hhhg_4_-1.0_-70.7107_hhhbb_stage2.root,8221710,/mnt/ssd2/Projects/4H/QuadrupleHiggsAnalysis_runs/HerwigForcedSplitting/gg_hhhg_c3d4_10k_hhhbb_153_20260727/run_gg_hhhg_4_-1.0_-70.7107/merge_summary.json,10000,1,3.34725893808e-05,0.0334725893808,3.35e-08,0.0335,0.000818897483863,ok
142,0.0,100.0,run_gg_hhhg_4_0.0_100.0,/mnt/ssd2/Projects/4H/QuadrupleHiggsAnalysis_runs/HerwigForcedSplitting/gg_hhhg_c3d4_10k_hhhbb_153_20260727,/mnt/ssd2/Projects/4H/QuadrupleHiggsAnalysis_runs/HerwigForcedSplitting/gg_hhhg_c3d4_10k_hhhbb_153_20260727/events/run_gg_hhhg_4_0.0_100.0_hhhbb_stage2.root,8131745,/mnt/ssd2/Projects/4H/QuadrupleHiggsAnalysis_runs/HerwigForcedSplitting/gg_hhhg_c3d4_10k_hhhbb_153_20260727/run_gg_hhhg_4_0.0_100.0/merge_summary.json,10000,0,6.95762423774e-05,0.0695762423774,6.96e-08,0.0696,0.000341461708939,ok
143,-3.0,0.0,run_gg_hhhg_4_-3.0_0.0,/mnt/ssd2/Projects/4H/QuadrupleHiggsAnalysis_runs/HerwigForcedSplitting/gg_hhhg_c3d4_10k_hhhbb_153_20260727,/mnt/ssd2/Projects/4H/QuadrupleHiggsAnalysis_runs/HerwigForcedSplitting/gg_hhhg_c3d4_10k_hhhbb_153_20260727/events/run_gg_hhhg_4_-3.0_0.0_hhhbb_stage2.root,7938278,/mnt/ssd2/Projects/4H/QuadrupleHiggsAnalysis_runs/HerwigForcedSplitting/gg_hhhg_c3d4_10k_hhhbb_153_20260727/run_gg_hhhg_4_-3.0_0.0/merge_summary.json,10000,0,8.07311997954e-06,0.00807311997954,8.07e-09,0.00807,0.000386465152433,ok
144,-9.0,-100.0,run_gg_hhhg_4_-9.0_-100.0,/mnt/ssd2/Projects/4H/QuadrupleHiggsAnalysis_runs/HerwigForcedSplitting/gg_hhhg_c3d4_10k_hhhbb_153_20260727,/mnt/ssd2/Projects/4H/QuadrupleHiggsAnalysis_runs/HerwigForcedSplitting/gg_hhhg_c3d4_10k_hhhbb_153_20260727/events/run_gg_hhhg_4_-9.0_-100.0_hhhbb_stage2.root,7893535,/mnt/ssd2/Projects/4H/QuadrupleHiggsAnalysis_runs/HerwigForcedSplitting/gg_hhhg_c3d4_10k_hhhbb_153_20260727/run_gg_hhhg_4_-9.0_-100.0/merge_summary.json,10000,1,5.92785075172e-05,0.0592785075172,5.93e-08,0.0593,0.000362567880081,ok
145,-9.0,-200.0,run_gg_hhhg_4_-9.0_-200.0,/mnt/ssd2/Projects/4H/QuadrupleHiggsAnalysis_runs/HerwigForcedSplitting/gg_hhhg_c3d4_10k_hhhbb_153_20260727,/mnt/ssd2/Projects/4H/QuadrupleHiggsAnalysis_runs/HerwigForcedSplitting/gg_hhhg_c3d4_10k_hhhbb_153_20260727/events/run_gg_hhhg_4_-9.0_-200.0_hhhbb_stage2.root,8501169,/mnt/ssd2/Projects/4H/QuadrupleHiggsAnalysis_runs/HerwigForcedSplitting/gg_hhhg_c3d4_10k_hhhbb_153_20260727/run_gg_hhhg_4_-9.0_-200.0/merge_summary.json,10000,0,6.84929623953e-05,0.0684929623953,6.85e-08,0.0685,0.000102749310846,ok
146,0.0,300.0,run_gg_hhhg_4_0.0_300.0,/mnt/ssd2/Projects/4H/QuadrupleHiggsAnalysis_runs/HerwigForcedSplitting/gg_hhhg_c3d4_10k_hhhbb_153_20260727,/mnt/ssd2/Projects/4H/QuadrupleHiggsAnalysis_runs/HerwigForcedSplitting/gg_hhhg_c3d4_10k_hhhbb_153_20260727/events/run_gg_hhhg_4_0.0_300.0_hhhbb_stage2.root,8160146,/mnt/ssd2/Projects/4H/QuadrupleHiggsAnalysis_runs/HerwigForcedSplitting/gg_hhhg_c3d4_10k_hhhbb_153_20260727/run_gg_hhhg_4_0.0_300.0/merge_summary.json,10000,0,0.000669138604299,0.669138604299,6.69e-07,0.669,0.000207138398301,ok
147,-0.5,70.7107,run_gg_hhhg_4_-0.5_70.7107,/mnt/ssd2/Projects/4H/QuadrupleHiggsAnalysis_runs/HerwigForcedSplitting/gg_hhhg_c3d4_10k_hhhbb_153_20260727,/mnt/ssd2/Projects/4H/QuadrupleHiggsAnalysis_runs/HerwigForcedSplitting/gg_hhhg_c3d4_10k_hhhbb_153_20260727/events/run_gg_hhhg_4_-0.5_70.7107_hhhbb_stage2.root,8117067,/mnt/ssd2/Projects/4H/QuadrupleHiggsAnalysis_runs/HerwigForcedSplitting/gg_hhhg_c3d4_10k_hhhbb_153_20260727/run_gg_hhhg_4_-0.5_70.7107/merge_summary.json,10000,0,3.6195045305e-05,0.036195045305,3.62e-08,0.0362,0.000136888763828,ok
148,-9.0,0.0,run_gg_hhhg_4_-9.0_0.0,/mnt/ssd2/Projects/4H/QuadrupleHiggsAnalysis_runs/HerwigForcedSplitting/gg_hhhg_c3d4_10k_hhhbb_153_20260727,/mnt/ssd2/Projects/4H/QuadrupleHiggsAnalysis_runs/HerwigForcedSplitting/gg_hhhg_c3d4_10k_hhhbb_153_20260727/events/run_gg_hhhg_4_-9.0_0.0_hhhbb_stage2.root,7899528,/mnt/ssd2/Projects/4H/QuadrupleHiggsAnalysis_runs/HerwigForcedSplitting/gg_hhhg_c3d4_10k_hhhbb_153_20260727/run_gg_hhhg_4_-9.0_0.0/merge_summary.json,10000,0,0.000202937789489,0.202937789489,2.03e-07,0.203,0.000306549663408,ok
149,25.9808,0.0,run_gg_hhhg_4_25.9808_0.0,/mnt/ssd2/Projects/4H/QuadrupleHiggsAnalysis_runs/HerwigForcedSplitting/gg_hhhg_c3d4_10k_hhhbb_153_20260727,/mnt/ssd2/Projects/4H/QuadrupleHiggsAnalysis_runs/HerwigForcedSplitting/gg_hhhg_c3d4_10k_hhhbb_153_20260727/events/run_gg_hhhg_4_25.9808_0.0_hhhbb_stage2.root,7911388,/mnt/ssd2/Projects/4H/QuadrupleHiggsAnalysis_runs/HerwigForcedSplitting/gg_hhhg_c3d4_10k_hhhbb_153_20260727/run_gg_hhhg_4_25.9808_0.0/merge_summary.json,10000,2,0.00568868182488,5.68868182488,5.69e-06,5.69,0.000231718904065,ok
150,1.0,-100.0,run_gg_hhhg_4_1.0_-100.0,/mnt/ssd2/Projects/4H/QuadrupleHiggsAnalysis_runs/HerwigForcedSplitting/gg_hhhg_c3d4_10k_hhhbb_153_20260727,/mnt/ssd2/Projects/4H/QuadrupleHiggsAnalysis_runs/HerwigForcedSplitting/gg_hhhg_c3d4_10k_hhhbb_153_20260727/events/run_gg_hhhg_4_1.0_-100.0_hhhbb_stage2.root,8183181,/mnt/ssd2/Projects/4H/QuadrupleHiggsAnalysis_runs/HerwigForcedSplitting/gg_hhhg_c3d4_10k_hhhbb_153_20260727/run_gg_hhhg_4_1.0_-100.0/merge_summary.json,10000,0,8.52104909338e-05,0.0852104909338,8.52e-08,0.0852,0.000123117865948,ok
151,-1.0,0.0,run_gg_hhhg_4_-1.0_0.0,/mnt/ssd2/Projects/4H/QuadrupleHiggsAnalysis_runs/HerwigForcedSplitting/gg_hhhg_c3d4_10k_hhhbb_153_20260727,/mnt/ssd2/Projects/4H/QuadrupleHiggsAnalysis_runs/HerwigForcedSplitting/gg_hhhg_c3d4_10k_hhhbb_153_20260727/events/run_gg_hhhg_4_-1.0_0.0_hhhbb_stage2.root,8041975,/mnt/ssd2/Projects/4H/QuadrupleHiggsAnalysis_runs/HerwigForcedSplitting/gg_hhhg_c3d4_10k_hhhbb_153_20260727/run_gg_hhhg_4_-1.0_0.0/merge_summary.json,10000,0,1.14468642198e-06,0.00114468642198,1.14e-09,0.00114,0.00409406619529,ok
152,6.0,100.0,run_gg_hhhg_4_6.0_100.0,/mnt/ssd2/Projects/4H/QuadrupleHiggsAnalysis_runs/HerwigForcedSplitting/gg_hhhg_c3d4_10k_hhhbb_153_20260727,/mnt/ssd2/Projects/4H/QuadrupleHiggsAnalysis_runs/HerwigForcedSplitting/gg_hhhg_c3d4_10k_hhhbb_153_20260727/events/run_gg_hhhg_4_6.0_100.0_hhhbb_stage2.root,8070550,/mnt/ssd2/Projects/4H/QuadrupleHiggsAnalysis_runs/HerwigForcedSplitting/gg_hhhg_c3d4_10k_hhhbb_153_20260727/run_gg_hhhg_4_6.0_100.0/merge_summary.json,10000,0,0.000113664063319,0.113664063319,1.137e-07,0.1137,0.000316165728931,ok
153,0.0,-700.0,run_gg_hhhg_4_0.0_-700.0,/mnt/ssd2/Projects/4H/QuadrupleHiggsAnalysis_runs/HerwigForcedSplitting/gg_hhhg_c3d4_10k_hhhbb_153_20260727,/mnt/ssd2/Projects/4H/QuadrupleHiggsAnalysis_runs/HerwigForcedSplitting/gg_hhhg_c3d4_10k_hhhbb_153_20260727/events/run_gg_hhhg_4_0.0_-700.0_hhhbb_stage2.root,8167596,/mnt/ssd2/Projects/4H/QuadrupleHiggsAnalysis_runs/HerwigForcedSplitting/gg_hhhg_c3d4_10k_hhhbb_153_20260727/run_gg_hhhg_4_0.0_-700.0/merge_summary.json,10000,0,0.00374448411072,3.74448411072,3.74e-06,3.74,0.00119752430279,ok
