file,run_group,c3,d4,entries,selected_entries,threshold,xsec_fb,rate_factor,effective_xsec_fb,generated_events,expected_preselected_events,expected_selected_events,expected_selected_error,raw_sigma_eff_fb,effective_sigma_eff_fb,effective_sigma_eff_error_fb,weighted_efficiency,raw_weight_efficiency,mean_score,background_events,limit_method,poisson_confidence_level,poisson_observed_events,required_signal_events_95cl,s_over_sqrt_b,significance_with_systematics,signal_scale_to_95cl,xsec_95cl_fb,excluded_95cl,gaussian_cl_target_s_over_sqrt_b,gaussian_required_signal_events,gaussian_signal_scale_to_target,gaussian_xsec_target_fb,gaussian_excluded_by_s_over_sqrt_b,fitted_effective_sigma_eff_fb,fitted_expected_selected_events,fitted_s_over_sqrt_b,fitted_significance_with_systematics,fitted_excluded_95cl,raw_xsec_fb,analysis_efficiency,xgboost_efficiency,final_efficiency
HerwigSignalPoints/c3d4_10k/events/HW-run_gg_4h_4_-0.258819_0.0_var.smearCMS.root,4,-0.258819,0.0,964,87,0.904,0.000127294,0.06269990265972783,7.981321409167393e-06,10000,0.0023081981515312095,0.00020831248877926898,2.2333443038351178e-05,1.1074578e-06,6.943749625975633e-08,7.444481012783726e-09,0.09024896265560169,0.09024896265560166,0.5841128200657774,0.0021336794960578245,poisson_cls,0.95,0,2.9957322735539904,0.004509731811992609,0.004509731811992609,14380.953782988561,1.8306091308517458,False,2.0,0.09238353740916884,443.48535198511223,0.056453024395592875,False,7.122373958413934e-08,0.00021367121875241803,0.004625742307443007,0.004625742307443007,False,0.000127294,0.09639999999999997,0.09024896265560169,0.008700000000000001
HerwigSignalPoints/c3d4_10k/events/HW-run_gg_4h_4_-0.5_-100.0_var.smearCMS.root,4,-0.5,-100.0,996,97,0.904,0.05774,0.06269990265972783,0.0036202923795726847,10000,1.081743363016318,0.10535050824556509,0.010696723454201225,0.0005600779999999998,3.511683608185503e-05,3.565574484733742e-06,0.09738955823293172,0.09738955823293173,0.5953778726267105,0.0021336794960578245,poisson_cls,0.95,0,2.9957322735539904,2.2807203794105706,2.2807203794105706,28.43585971670052,1.641886540042288,False,2.0,0.09238353740916884,0.8769159157147007,0.05063312497336682,True,3.888013867346045e-05,0.11664041602038136,2.525134223942481,2.525134223942481,False,0.05774,0.09959999999999998,0.09738955823293172,0.009699999999999997
HerwigSignalPoints/c3d4_10k/events/HW-run_gg_4h_4_-0.5_-70.7107_var.smearCMS.root,4,-0.5,-70.7107,1022,116,0.904,0.029751,0.06269990265972783,0.0018653848040295626,10000,0.5719269809154641,0.06491539118022882,0.006027242759054095,0.00034511160000000026,2.163846372674294e-05,2.0090809196846985e-06,0.11350293542074368,0.11350293542074363,0.605172750376276,0.0021336794960578245,poisson_cls,0.95,0,2.9957322735539904,1.4053454327629185,1.4053454327629185,46.148258819495425,1.3729568481388084,False,2.0,0.09238353740916884,1.4231376524047805,0.04233976829669463,False,2.0245032348261297e-05,0.060735097044783894,1.3148467518793252,1.3148467518793252,False,0.029751,0.10220000000000004,0.11350293542074368,0.011600000000000008
HerwigSignalPoints/c3d4_10k/events/HW-run_gg_4h_4_-0.5_0.0_var.smearCMS.root,4,-0.5,0.0,925,72,0.904,0.00013865999999999998,0.06269990265972783,8.693968502797859e-06,10000,0.002412576259526406,0.00018778971966043379,2.213123070150224e-05,9.98352e-07,6.259657322014459e-08,7.377076900500746e-09,0.07783783783783785,0.07783783783783783,0.5700912931128531,0.0021336794960578245,poisson_cls,0.95,0,2.9957322735539904,0.004065436871695197,0.004065436871695197,15952.589305585794,2.211986033112526,False,2.0,0.09238353740916884,491.9520492187705,0.0682140711446747,False,6.828956908049064e-08,0.0002048687072414719,0.0044351778030344005,0.0044351778030344005,False,0.00013865999999999998,0.09250000000000001,0.07783783783783785,0.0072000000000000015
HerwigSignalPoints/c3d4_10k/events/HW-run_gg_4h_4_-0.5_100.0_var.smearCMS.root,4,-0.5,100.0,1001,96,0.904,0.049434,0.06269990265972783,0.0030995069880809857,10000,0.93078194852072,0.08926580125673239,0.009110652689986988,0.0004745664,2.9755267085577462e-05,3.0368842299956626e-06,0.0959040959040959,0.0959040959040959,0.6035268529040085,0.0021336794960578245,poisson_cls,0.95,0,2.9957322735539904,1.9325045080569296,1.9325045080569296,33.55968614383612,1.6589895248343947,False,2.0,0.09238353740916884,1.0349264344076148,0.05116055335850603,False,3.1436572126655115e-05,0.09430971637996535,2.0416996149923428,2.0416996149923428,False,0.049434,0.10010000000000001,0.0959040959040959,0.009600000000000001
HerwigSignalPoints/c3d4_10k/events/HW-run_gg_4h_4_-0.5_70.7107_var.smearCMS.root,4,-0.5,70.7107,976,92,0.904,0.023846999999999997,0.06269990265972783,0.0014952045787265293,10000,0.4377959006511278,0.0412676463728522,0.004302449551474922,0.0002193923999999999,1.3755882124284066e-05,1.4341498504916407e-06,0.09426229508196719,0.0942622950819672,0.5835405232083744,0.0021336794960578245,poisson_cls,0.95,0,2.9957322735539904,0.8933982726830827,0.8933982726830827,72.59275817398503,1.731119504175021,False,2.0,0.09238353740916884,2.2386432357805384,0.05338492524365849,False,1.4981634338033948e-05,0.044944903014101846,0.9730067558474151,0.9730067558474151,False,0.023846999999999997,0.09759999999999999,0.09426229508196719,0.009199999999999996
HerwigSignalPoints/c3d4_10k/events/HW-run_gg_4h_4_-0.707107_0.0_var.smearCMS.root,4,-0.707107,0.0,892,82,0.904,0.0001546,0.06269990265972783,9.693404951193922e-06,10000,0.0025939551649394937,0.0002384577617993705,2.6333254539896725e-05,1.2677199999999997e-06,7.948592059979016e-08,8.777751513298908e-09,0.09192825112107623,0.09192825112107623,0.5758168194959808,0.0021336794960578245,poisson_cls,0.95,0,2.9957322735539904,0.005162343172533771,0.005162343172533771,12562.947211064105,1.9422316388305105,False,2.0,0.09238353740916884,387.4209701208926,0.059895281980689996,False,7.248132765209465e-08,0.00021744398295628394,0.004707418422250265,0.004707418422250265,False,0.0001546,0.0892,0.09192825112107623,0.008199999999999999
HerwigSignalPoints/c3d4_10k/events/HW-run_gg_4h_4_-0.866025_-100.0_var.smearCMS.root,4,-0.866025,-100.0,998,95,0.904,0.06525,0.06269990265972783,0.004091168648547241,10000,1.2248958933750438,0.11659830648359641,0.011962733834195993,0.0006198750000000002,3.88661021611988e-05,3.987577944731998e-06,0.0951903807615231,0.09519038076152304,0.5913206023653551,0.0021336794960578245,poisson_cls,0.95,0,2.9957322735539904,2.5242225996863445,2.5242225996863445,25.69275973125256,1.6764525724642296,False,2.0,0.09238353740916884,0.7923231494118295,0.051699085499121875,True,4.2250254622433134e-05,0.1267507638672994,2.744011918615268,2.744011918615268,False,0.06525,0.09979999999999999,0.0951903807615231,0.009500000000000003
HerwigSignalPoints/c3d4_10k/events/HW-run_gg_4h_4_-0.866025_-70.7107_var.smearCMS.root,4,-0.866025,-70.7107,964,118,0.904,0.03332,0.06269990265972783,0.0020891607566221313,10000,0.6041852908151204,0.07395629078442342,0.0068082284130047905,0.00039317599999999986,2.4652096928141142e-05,2.2694094710015966e-06,0.12240663900414933,0.12240663900414937,0.5892190996816994,0.0021336794960578245,poisson_cls,0.95,0,2.9957322735539904,1.601070772098048,1.601070772098048,40.50679451037244,1.3496863930856098,False,2.0,0.09238353740916884,1.2491640187642636,0.041622145105225265,False,2.1780744785794976e-05,0.06534223435738493,1.4145861089510494,1.4145861089510494,False,0.03332,0.0964,0.12240663900414933,0.011799999999999995
HerwigSignalPoints/c3d4_10k/events/HW-run_gg_4h_4_-0.866025_0.0_var.smearCMS.root,4,-0.866025,0.0,839,82,0.904,0.00017256,0.06269990265972783,1.0819495202962633e-05,10000,0.0027232669425856946,0.0002661595819928807,2.9392408818917073e-05,1.4149919999999998e-06,8.871986066429358e-08,9.797469606305691e-09,0.09773539928486293,0.09773539928486293,0.5750325035364329,0.0021336794960578245,poisson_cls,0.95,0,2.9957322735539904,0.005762056519097201,0.005762056519097201,11255.398926926931,1.9422316388305112,False,2.0,0.09238353740916884,347.0982961328814,0.05989528198069001,False,8.181037640746977e-08,0.0002454311292224093,0.005313308758364364,0.005313308758364364,False,0.00017256,0.08389999999999999,0.09773539928486293,0.008199999999999999
HerwigSignalPoints/c3d4_10k/events/HW-run_gg_4h_4_-0.866025_100.0_var.smearCMS.root,4,-0.866025,100.0,963,112,0.904,0.05701,0.06269990265972783,0.0035745214506310834,10000,1.0326792470873203,0.12010392074120445,0.011348753777322829,0.0006385120000000003,4.003464024706815e-05,3.782917925774276e-06,0.11630321910695744,0.11630321910695743,0.5889187861576789,0.0021336794960578245,poisson_cls,0.95,0,2.9957322735539904,2.6001152176986118,2.6001152176986118,24.94283496380676,1.4219910212866234,False,2.0,0.09238353740916884,0.7691966826647859,0.04385190287871944,True,3.631419108181787e-05,0.1089425732454536,2.3584845590604395,2.3584845590604395,False,0.05701,0.09630000000000002,0.11630321910695744,0.011200000000000005
HerwigSignalPoints/c3d4_10k/events/HW-run_gg_4h_4_-0.866025_70.7107_var.smearCMS.root,4,-0.866025,70.7107,981,100,0.904,0.027796,0.06269990265972783,0.001742806494329795,10000,0.5129079512812589,0.052284194829893854,0.005228419482989386,0.00027796,1.7428064943297952e-05,1.7428064943297954e-06,0.10193679918450557,0.1019367991845056,0.6006334197145453,0.0021336794960578245,poisson_cls,0.95,0,2.9957322735539904,1.131894194488915,1.131894194488915,57.297091086523906,1.5926299438410185,False,2.0,0.09238353740916884,1.7669496051290037,0.04911413122416579,False,1.7583312703788462e-05,0.052749938111365385,1.1419770143187888,1.1419770143187888,False,0.027796,0.09810000000000003,0.10193679918450557,0.01
HerwigSignalPoints/c3d4_10k/events/HW-run_gg_4h_4_-0.965926_0.0_var.smearCMS.root,4,-0.965926,0.0,850,73,0.904,0.000187428,0.06269990265972783,1.1751717355707469e-05,10000,0.002996687925705406,0.00025736261008999363,3.0122015130323295e-05,1.3682244000000003e-06,8.578753669666455e-08,1.0040671710107765e-08,0.08588235294117645,0.08588235294117647,0.5679113820660859,0.0021336794960578245,poisson_cls,0.95,0,2.9957322735539904,0.005571611940991795,0.005571611940991795,11640.122364730656,2.1816848545767376,False,2.0,0.09238353740916884,358.9625446247398,0.06727963181392574,False,9.120341351247448e-08,0.00027361024053742345,0.00592335492254637,0.00592335492254637,False,0.000187428,0.08500000000000003,0.08588235294117645,0.007300000000000001
HerwigSignalPoints/c3d4_10k/events/HW-run_gg_4h_4_-1.0_-100.0_var.smearCMS.root,4,-1.0,-100.0,944,98,0.904,0.068838,0.06269990265972783,0.004316135899290344,10000,1.2223296866790259,0.12689439543913617,0.012818269644225782,0.0006746124000000004,4.229813181304539e-05,4.272756548075261e-06,0.1038135593220339,0.1038135593220339,0.5930502447679489,0.0021336794960578245,poisson_cls,0.95,0,2.9957322735539904,2.747121381098841,2.747121381098841,23.608073967229455,1.625132595756141,False,2.0,0.09238353740916884,0.728034812644502,0.050116460432822224,True,4.395298997810475e-05,0.13185896993431426,2.854598852397431,2.854598852397431,False,0.068838,0.09440000000000004,0.1038135593220339,0.009800000000000005
HerwigSignalPoints/c3d4_10k/events/HW-run_gg_4h_4_-1.0_-70.7107_var.smearCMS.root,4,-1.0,-70.7107,920,98,0.904,0.03554,0.06269990265972783,0.002228354540526727,10000,0.6150258531853767,0.06551362349148576,0.0066178753472759845,0.00034829199999999994,2.183787449716192e-05,2.2059584490919946e-06,0.10652173913043475,0.10652173913043478,0.5979830259685,0.0021336794960578245,poisson_cls,0.95,0,2.9957322735539904,1.4182964915345122,1.4182964915345122,45.72685975678509,1.6251325957561422,False,2.0,0.09238353740916884,1.410142386967424,0.05011646043282226,False,2.254599618323456e-05,0.06763798854970368,1.4642866131036627,1.4642866131036627,False,0.03554,0.092,0.10652173913043475,0.009799999999999998
HerwigSignalPoints/c3d4_10k/events/HW-run_gg_4h_4_-1.0_0.0_var.smearCMS.root,4,-1.0,0.0,869,77,0.904,0.00019359,0.06269990265972783,1.213807415589671e-05,10000,0.0031643959324422722,0.0002803895130012139,3.19533505348555e-05,1.4906429999999992e-06,9.346317100040464e-08,1.0651116844951833e-08,0.08860759493670883,0.08860759493670886,0.5781505491738063,0.0021336794960578245,poisson_cls,0.95,0,2.9957322735539904,0.006070118570137929,0.006070118570137929,10684.180879264984,2.068350576416908,False,2.0,0.09238353740916884,329.4828555473431,0.06378458600541015,False,9.513340851856094e-08,0.0002854002255556828,0.006178594878687932,0.006178594878687932,False,0.00019359,0.08689999999999999,0.08860759493670883,0.007699999999999997
HerwigSignalPoints/c3d4_10k/events/HW-run_gg_4h_4_-1.0_100.0_var.smearCMS.root,4,-1.0,100.0,912,101,0.904,0.060899999999999996,0.06269990265972783,0.0038184240719774244,10000,1.0447208260930232,0.11569824938091593,0.011512406097620121,0.0006150899999999997,3.856608312697198e-05,3.8374686992067075e-06,0.1107456140350877,0.11074561403508772,0.5891274477716683,0.0021336794960578245,poisson_cls,0.95,0,2.9957322735539904,2.5047373726010442,2.5047373726010442,25.89263268531466,1.5768613305356627,False,2.0,0.09238353740916884,0.7984869079998994,0.04862785269719387,True,3.891287353593158e-05,0.11673862060779475,2.5272602431482283,2.5272602431482283,False,0.060899999999999996,0.09119999999999999,0.1107456140350877,0.010099999999999996
HerwigSignalPoints/c3d4_10k/events/HW-run_gg_4h_4_-1.0_70.7107_var.smearCMS.root,4,-1.0,70.7107,977,103,0.904,0.029663,0.06269990265972783,0.0018598672125955066,10000,0.5451270800117429,0.057469896869201155,0.005662677199830635,0.0003055289,1.9156632289733718e-05,1.8875590666102117e-06,0.105424769703173,0.10542476970317298,0.5910531624097343,0.0021336794960578245,poisson_cls,0.95,0,2.9957322735539904,1.2441588291789616,1.2441588291789616,52.12698189405385,1.5462426639233193,False,2.0,0.09238353740916884,1.6075118008203413,0.047683622547733784,False,1.8982094566163797e-05,0.05694628369849139,1.23282319113361,1.23282319113361,False,0.029663,0.0977,0.105424769703173,0.0103
HerwigSignalPoints/c3d4_10k/events/HW-run_gg_4h_4_-15.0_0.0_var.smearCMS.root,4,-15.0,0.0,717,58,0.904,6.9702,0.06269990265972783,0.4370308615188349,10000,94.00533831270141,7.6043369904277265,0.998498364476303,0.04042715999999999,0.002534778996809242,0.00033283278815876766,0.08089260808926078,0.08089260808926081,0.5538352181783629,0.0021336794960578245,poisson_cls,0.95,0,2.9957322735539904,164.6253694908421,164.6253694908421,0.39395048869151805,2.7459136962776194,True,2.0,0.09238353740916884,0.012148795815527432,0.08467953659338931,True,0.0028557645239474794,8.567293571842438,185.47229976478806,185.47229976478806,True,6.9702,0.07170000000000001,0.08089260808926078,0.005799999999999999
HerwigSignalPoints/c3d4_10k/events/HW-run_gg_4h_4_-21.2132_-700.0_var.smearCMS.root,4,-21.2132,-700.0,932,95,0.904,180.35999999999999,0.06269990265972783,11.30855444370851,10000,3161.8718224609006,322.29380164569255,33.066646349970725,1.7134199999999997,0.10743126721523086,0.011022215449990241,0.10193133047210297,0.10193133047210301,0.5926122097893071,0.0021336794960578245,poisson_cls,0.95,0,2.9957322735539904,6977.299434167492,6977.299434167492,0.009295035331915228,1.6764525724642303,True,2.0,0.09238353740916884,0.00028664385395388054,0.05169908549912189,True,0.11376258785851573,341.28776357554716,7388.4974129963375,7388.4974129963375,True,180.35999999999999,0.09320000000000002,0.10193133047210297,0.0095
HerwigSignalPoints/c3d4_10k/events/HW-run_gg_4h_4_-21.2132_700.0_var.smearCMS.root,4,-21.2132,700.0,858,86,0.904,688.6,0.06269990265972783,43.175152971488586,10000,11113.284374861161,1113.9189466644054,120.11696914267584,5.9219599999999994,0.3713063155548018,0.04003898971422528,0.10023310023310024,0.10023310023310024,0.572892385029119,0.0021336794960578245,poisson_cls,0.95,0,2.9957322735539904,24115.09621526685,24115.09621526685,0.0026893628863434048,1.8518952835360685,True,2.0,0.09238353740916884,8.293560109181047e-05,0.05710945491182069,True,0.33908350938134857,1017.2505281440457,22022.333343626353,22022.333343626353,True,688.6,0.08579999999999999,0.10023310023310024,0.008599999999999998
HerwigSignalPoints/c3d4_10k/events/HW-run_gg_4h_4_-25.9808_0.0_var.smearCMS.root,4,-25.9808,0.0,782,70,0.904,157.77,0.06269990265972783,9.89216364262526,10000,2320.701590559886,207.7354364951305,24.82913368715481,1.1043900000000002,0.06924514549837683,0.00827637789571827,0.0895140664961637,0.08951406649616368,0.5293175468436868,0.0021336794960578245,poisson_cls,0.95,0,2.9957322735539904,4497.2392770600545,4497.2392770600545,0.014420901527911503,2.275185634058598,True,2.0,0.09238353740916884,0.0004447172758189207,0.07016304460595113,True,0.05583326819881156,167.4998045964347,3626.1829605977127,3626.1829605977127,True,157.77,0.07819999999999999,0.0895140664961637,0.007000000000000001
HerwigSignalPoints/c3d4_10k/events/HW-run_gg_4h_4_-30.0_-700.0_var.smearCMS.root,4,-30.0,-700.0,1035,136,0.904,142.528,0.06269990265972783,8.936491726285688,10000,2774.7806810117054,364.608862432456,31.26495201879293,1.9383807999999996,0.12153628747748534,0.010421650672930976,0.13140096618357489,0.13140096618357489,0.6243377989562957,0.0021336794960578245,poisson_cls,0.95,0,2.9957322735539904,7893.373054499848,7893.373054499848,0.008216290338002826,1.1710514292948668,True,2.0,0.09238353740916884,0.00025337710332338104,0.036113331782474854,True,0.11906071107129527,357.18213321388583,7732.592694127263,7732.592694127263,True,142.528,0.10349999999999997,0.13140096618357489,0.013599999999999998
HerwigSignalPoints/c3d4_10k/events/HW-run_gg_4h_4_-30.0_0.0_var.smearCMS.root,4,-30.0,0.0,744,54,0.904,362.17999999999995,0.06269990265972783,22.708650745300222,10000,5068.570846351009,367.8801420738635,50.062146365752625,1.9557719999999992,0.12262671402462116,0.016687382121917543,0.07258064516129031,0.07258064516129033,0.5562272182770914,0.0021336794960578245,poisson_cls,0.95,0,2.9957322735539904,7964.192590818726,7964.192590818726,0.00814322908724033,2.949314710816702,True,2.0,0.09238353740916884,0.0002511240125340061,0.09095209485956632,True,0.1253845990701773,376.1537972105319,8143.307947703668,8143.307947703668,True,362.17999999999995,0.0744,0.07258064516129031,0.0053999999999999986
HerwigSignalPoints/c3d4_10k/events/HW-run_gg_4h_4_-30.0_700.0_var.smearCMS.root,4,-30.0,700.0,824,68,0.904,2124.1,0.06269990265972783,133.18086323952787,10000,32922.3093928113,2716.8896100863694,329.47125986850824,14.443880000000004,0.9056298700287898,0.10982375328950275,0.08252427184466019,0.0825242718446602,0.5536964833792932,0.0021336794960578245,poisson_cls,0.95,0,2.9957322735539904,58817.61374980051,58817.61374980051,0.0011026330486275284,2.342102858589733,True,2.0,0.09238353740916884,3.400341959651132e-05,0.07222666356494968,True,0.9633706705494761,2890.1120116484285,62567.68451825037,62567.68451825037,True,2124.1,0.08240000000000003,0.08252427184466019,0.006800000000000002
HerwigSignalPoints/c3d4_10k/events/HW-run_gg_4h_4_0.0_-100.0_var.smearCMS.root,4,0.0,-100.0,1013,111,0.904,0.0552,0.06269990265972783,0.0034610346268169763,10000,1.0518084230896791,0.11525245307300536,0.010939278736433265,0.0006127200000000003,3.841748435766845e-05,3.646426245477755e-06,0.10957551826258642,0.10957551826258638,0.5956213589188131,0.0021336794960578245,poisson_cls,0.95,0,2.9957322735539904,2.49508638238325,2.49508638238325,25.992785347973268,1.4348017512081244,False,2.0,0.09238353740916884,0.8015754541089858,0.04424696506681602,True,3.744946941428481e-05,0.11234840824285441,2.432217067966573,2.432217067966573,False,0.0552,0.10130000000000002,0.10957551826258642,0.011100000000000006
HerwigSignalPoints/c3d4_10k/events/HW-run_gg_4h_4_0.0_-70.7107_var.smearCMS.root,4,0.0,-70.7107,1015,99,0.904,0.028814,0.06269990265972783,0.0018066349952373976,10000,0.5501203560497874,0.05365705935855069,0.005392737371095166,0.0002852585999999999,1.788568645285023e-05,1.7975791236983885e-06,0.09753694581280788,0.09753694581280788,0.5946855893085614,0.0021336794960578245,poisson_cls,0.95,0,2.9957322735539904,1.1616151722119563,1.1616151722119563,55.831093044732725,1.6087171149909287,False,2.0,0.09238353740916884,1.7217405969238373,0.04961023355976345,False,1.955247309783885e-05,0.058657419293516554,1.269867358157579,1.269867358157579,False,0.028814,0.10149999999999997,0.09753694581280788,0.009899999999999997
HerwigSignalPoints/c3d4_10k/events/HW-run_gg_4h_4_0.0_-700.0_var.smearCMS.root,4,0.0,-700.0,1032,112,0.904,2.5296,0.06269990265972783,0.15860567376804752,10000,49.1043165985875,5.329150638606396,0.5035574031769133,0.028331519999999992,0.0017763835462021318,0.00016785246772563778,0.10852713178294573,0.10852713178294573,0.5868500232138822,0.0021336794960578245,poisson_cls,0.95,0,2.9957322735539904,115.37013602333634,115.37013602333634,0.5621406630639723,1.4219910212866242,True,2.0,0.09238353740916884,0.017335508728146532,0.04385190287871946,True,0.0016714481316671137,5.014344395001341,108.55493382533498,108.55493382533498,True,2.5296,0.10319999999999999,0.10852713178294573,0.011199999999999998
HerwigSignalPoints/c3d4_10k/events/HW-run_gg_4h_4_0.0_0.0_var.smearCMS.root,4,0.0,0.0,961,107,0.904,0.00012387999999999999,0.06269990265972783,7.767263941487083e-06,10000,0.0022393021943307263,0.00024932917252173535,2.41035608860323e-05,1.3255159999999997e-06,8.310972417391178e-08,8.0345202953441e-09,0.11134235171696148,0.1113423517169615,0.6004624271166437,0.0021336794960578245,poisson_cls,0.95,0,2.9957322735539904,0.005397697025119327,0.005397697025119327,12015.169517689857,1.4884391998514195,False,2.0,0.09238353740916884,370.52839214438603,0.04590105721884653,False,8.019526430425028e-08,0.00024058579291275084,0.005208412660086629,0.005208412660086629,False,0.00012387999999999999,0.0961,0.11134235171696148,0.010699999999999998
HerwigSignalPoints/c3d4_10k/events/HW-run_gg_4h_4_0.0_100.0_var.smearCMS.root,4,0.0,100.0,972,98,0.904,0.046715,0.06269990265972783,0.0029290259527491856,10000,0.8541039678216624,0.08611336301082605,0.008698763276533416,0.00045780699999999996,2.8704454336942016e-05,2.899587758844472e-06,0.10082304526748971,0.10082304526748971,0.5963139113440243,0.0021336794960578245,poisson_cls,0.95,0,2.9957322735539904,1.8642577546999084,1.8642577546999084,34.788239232712016,1.6251325957561418,False,2.0,0.09238353740916884,1.0728130243566787,0.050116460432822245,False,2.9843445750179127e-05,0.08953033725053738,1.938231415712205,1.938231415712205,False,0.046715,0.0972,0.10082304526748971,0.0098
HerwigSignalPoints/c3d4_10k/events/HW-run_gg_4h_4_0.0_70.7107_var.smearCMS.root,4,0.0,70.7107,1001,102,0.904,0.0224317,0.06269990265972783,0.0014064654064922166,10000,0.4223615615696126,0.043037841438661815,0.004261381295551072,0.00022880333999999994,1.4345947146220605e-05,1.4204604318503575e-06,0.10189810189810189,0.1018981018981019,0.5936699738115683,0.0021336794960578245,poisson_cls,0.95,0,2.9957322735539904,0.9317210110291884,0.9317210110291884,69.60693597571694,1.5614019057264896,False,2.0,0.09238353740916884,2.146565309062613,0.04815110904329982,False,1.4174200522778778e-05,0.042522601568336336,0.9205666455486056,0.9205666455486056,False,0.0224317,0.10009999999999998,0.10189810189810189,0.010199999999999997
HerwigSignalPoints/c3d4_10k/events/HW-run_gg_4h_4_0.0_700.0_var.smearCMS.root,4,0.0,700.0,1006,112,0.904,2.4526,0.06269990265972783,0.15377778126324848,10000,46.410134385248384,5.166933450445148,0.48822931966781213,0.027469119999999993,0.0017223111501483827,0.00016274310655593738,0.11133200795228629,0.11133200795228629,0.5981172215143519,0.0021336794960578245,poisson_cls,0.95,0,2.9957322735539904,111.85831578543436,111.85831578543436,0.5797892119736705,1.4219910212866242,True,2.0,0.09238353740916884,0.01787976142816581,0.04385190287871946,True,0.0016182059660183878,4.854617898055164,105.09703425955531,105.09703425955531,True,2.4526,0.10059999999999998,0.11133200795228629,0.011199999999999998
HerwigSignalPoints/c3d4_10k/events/HW-run_gg_4h_4_0.258819_0.0_var.smearCMS.root,4,0.258819,0.0,914,112,0.904,0.00012997,0.06269990265972783,8.149106348684825e-06,10000,0.0022344849608093784,0.0002738099733158101,2.5872610567245186e-05,1.4556639999999997e-06,9.126999110527003e-08,8.624203522415061e-09,0.12253829321663022,0.12253829321663019,0.5890774732199344,0.0021336794960578245,poisson_cls,0.95,0,2.9957322735539904,0.005927678913248349,0.005927678913248349,10940.917298504457,1.4219910212866242,False,2.0,0.09238353740916884,337.4001914189388,0.04385190287871948,False,9.291677255131318e-08,0.00027875031765393953,0.006034631828814865,0.006034631828814865,False,0.00012997,0.09139999999999997,0.12253829321663022,0.011199999999999998
HerwigSignalPoints/c3d4_10k/events/HW-run_gg_4h_4_0.5_-100.0_var.smearCMS.root,4,0.5,-100.0,1002,106,0.904,0.06278,0.06269990265972783,0.003936299888977713,10000,1.1832517466267003,0.12517433646949125,0.012158006334276819,0.0006654679999999998,4.172477882316375e-05,4.052668778092273e-06,0.10578842315369262,0.10578842315369262,0.5898824581093789,0.0021336794960578245,poisson_cls,0.95,0,2.9957322735539904,2.709884033019675,2.709884033019675,23.932479756216967,1.5024810790953012,False,2.0,0.09238353740916884,0.7380389624169127,0.04633408606053378,True,3.985500177087424e-05,0.11956500531262274,2.5884483029279672,2.5884483029279672,False,0.06278,0.10019999999999997,0.10578842315369262,0.010599999999999997
HerwigSignalPoints/c3d4_10k/events/HW-run_gg_4h_4_0.5_-70.7107_var.smearCMS.root,4,0.5,-70.7107,960,119,0.904,0.032743999999999995,0.06269990265972783,0.0020530456126901277,10000,0.5912771364547567,0.07329372837303752,0.0067188250641157495,0.0003896535999999997,2.4431242791012508e-05,2.23960835470525e-06,0.1239583333333333,0.12395833333333334,0.5975634092455342,0.0021336794960578245,poisson_cls,0.95,0,2.9957322735539904,1.5867270387886943,1.5867270387886943,40.872968807192336,1.3383444906227058,False,2.0,0.09238353740916884,1.2604562417533376,0.04127237917997128,False,2.0598685558922018e-05,0.061796056676766055,1.337815338312277,1.337815338312277,False,0.032743999999999995,0.09599999999999999,0.1239583333333333,0.011899999999999994
HerwigSignalPoints/c3d4_10k/events/HW-run_gg_4h_4_0.5_0.0_var.smearCMS.root,4,0.5,0.0,990,118,0.904,0.00014514,0.06269990265972783,9.100263872032898e-06,10000,0.0027027783699937703,0.0003221493410699646,2.965625065616793e-05,1.7126520000000003e-06,1.0738311368998821e-07,9.88541688538931e-09,0.11919191919191922,0.1191919191919192,0.5926522722115006,0.0021336794960578245,poisson_cls,0.95,0,2.9957322735539904,0.006974172024679195,0.006974172024679195,9299.203479989037,1.349686393085609,False,2.0,0.09238353740916884,286.7723928980656,0.041622145105225244,False,1.0754686672924438e-07,0.00032264060018773313,0.006984807233755304,0.006984807233755304,False,0.00014514,0.09899999999999999,0.11919191919191922,0.011800000000000001
HerwigSignalPoints/c3d4_10k/events/HW-run_gg_4h_4_0.5_100.0_var.smearCMS.root,4,0.5,100.0,966,112,0.904,0.05172,0.06269990265972783,0.0032428389655611233,10000,0.9397747322196133,0.10895938924285371,0.01029569453364562,0.0005792639999999998,3.631979641428457e-05,3.4318981778818733e-06,0.11594202898550725,0.11594202898550725,0.5818543063860394,0.0021336794960578245,poisson_cls,0.95,0,2.9957322735539904,2.3588486065492393,2.3588486065492393,27.494025933616093,1.4219910212866245,False,2.0,0.09238353740916884,0.8478712853580718,0.04385190287871947,True,3.389286758131376e-05,0.10167860274394128,2.2012277424191797,2.2012277424191797,False,0.05172,0.09659999999999998,0.11594202898550725,0.011199999999999996
HerwigSignalPoints/c3d4_10k/events/HW-run_gg_4h_4_0.5_70.7107_var.smearCMS.root,4,0.5,70.7107,990,127,0.904,0.0249206,0.06269990265972783,0.0015625191942220133,10000,0.4640682006839377,0.05953198129985868,0.005282609112486799,0.00031649161999999987,1.984399376661956e-05,1.7608697041622665e-06,0.12828282828282828,0.12828282828282828,0.5926788985635144,0.0021336794960578245,poisson_cls,0.95,0,2.9957322735539904,1.2888006449934937,1.2888006449934937,50.32139378101132,1.2540393258590707,False,2.0,0.09238353740916884,1.5518303841398968,0.038672544270996714,False,1.6382818738554675e-05,0.04914845621566403,1.0640089694332524,1.0640089694332524,False,0.0249206,0.09899999999999995,0.12828282828282828,0.012699999999999994
HerwigSignalPoints/c3d4_10k/events/HW-run_gg_4h_4_0.707107_0.0_var.smearCMS.root,4,0.707107,0.0,969,128,0.904,0.000166682,0.06269990265972783,1.0450945175128754e-05,10000,0.0030380897624099294,0.0004013162947249443,3.547168417508339e-05,2.1335296000000006e-06,1.337720982416481e-07,1.1823894725027795e-08,0.1320949432404541,0.13209494324045407,0.6023965952216318,0.0021336794960578245,poisson_cls,0.95,0,2.9957322735539904,0.008688047805476534,0.008688047805476534,7464.766103273272,1.2442421436257955,False,2.0,0.09238353740916884,230.20131159261058,0.038370415018879514,False,1.2277891806417967e-07,0.000368336754192539,0.007974077731212368,0.007974077731212368,False,0.000166682,0.09690000000000001,0.1320949432404541,0.012800000000000004
HerwigSignalPoints/c3d4_10k/events/HW-run_gg_4h_4_0.866025_-100.0_var.smearCMS.root,4,0.866025,-100.0,889,96,0.904,0.07390000000000001,0.06269990265972783,0.004633522806553887,10000,1.2357605325079217,0.13344545682875195,0.013619719905126806,0.00070944,4.4481818942917315e-05,4.539906635042269e-06,0.10798650168728909,0.10798650168728909,0.6003198531831859,0.0021336794960578245,poisson_cls,0.95,0,2.9957322735539904,2.8889445148158575,2.8889445148158575,22.44911400317178,1.6589895248343947,False,2.0,0.09238353740916884,0.6922943620907447,0.051160553358506035,True,4.412048118990729e-05,0.13236144356972185,2.865476843206164,2.865476843206164,False,0.07390000000000001,0.0889,0.10798650168728909,0.0096
HerwigSignalPoints/c3d4_10k/events/HW-run_gg_4h_4_0.866025_-70.7107_var.smearCMS.root,4,0.866025,-70.7107,924,100,0.904,0.038564,0.06269990265972783,0.002417959046169744,10000,0.670258247598253,0.0725387713850923,0.007253877138509233,0.0003856399999999998,2.417959046169743e-05,2.4179590461697444e-06,0.10822510822510818,0.10822510822510822,0.5989545509891959,0.0021336794960578245,poisson_cls,0.95,0,2.9957322735539904,1.5703830664941176,1.5703830664941176,41.29835970960013,1.5926299438410194,False,2.0,0.09238353740916884,1.2735746090697493,0.049114131224165816,False,2.2517994688408122e-05,0.06755398406522437,1.462468010204593,1.462468010204593,False,0.038564,0.0924,0.10822510822510818,0.009999999999999995
HerwigSignalPoints/c3d4_10k/events/HW-run_gg_4h_4_0.866025_0.0_var.smearCMS.root,4,0.866025,0.0,974,105,0.904,0.000190927,0.06269990265972783,1.1971104315113855e-05,10000,0.003497956680876269,0.0003770897859260865,3.680019495934145e-05,2.0047335000000004e-06,1.256965953086955e-07,1.2266731653113817e-08,0.10780287474332649,0.10780287474332649,0.5941643930141656,0.0021336794960578245,poisson_cls,0.95,0,2.9957322735539904,0.008163571053919424,0.008163571053919424,7944.347434913511,1.5167904227057318,False,2.0,0.09238353740916884,244.99082408791884,0.04677536307063408,False,1.3687618293317015e-07,0.00041062854879951046,0.008889647664839398,0.008889647664839398,False,0.000190927,0.09740000000000001,0.10780287474332649,0.010500000000000002
HerwigSignalPoints/c3d4_10k/events/HW-run_gg_4h_4_0.866025_100.0_var.smearCMS.root,4,0.866025,100.0,996,113,0.904,0.06033,0.06269990265972783,0.00378268512746138,10000,1.1302663160854607,0.12823302582094082,0.012063148340573168,0.0006817290000000002,4.2744341940313605e-05,4.021049446857723e-06,0.11345381526104417,0.11345381526104417,0.6008005128761035,0.0021336794960578245,poisson_cls,0.95,0,2.9957322735539904,2.7761012279275206,2.7761012279275206,23.361628210638223,1.409407029947804,False,2.0,0.09238353740916884,0.7204348241627653,0.04346383294173963,True,4.036104309274556e-05,0.12108312927823668,2.6213139845891953,2.6213139845891953,False,0.06033,0.09960000000000002,0.11345381526104417,0.011300000000000003
HerwigSignalPoints/c3d4_10k/events/HW-run_gg_4h_4_0.866025_70.7107_var.smearCMS.root,4,0.866025,70.7107,926,99,0.904,0.029064000000000003,0.06269990265972783,0.00182230997090233,10000,0.5062377099166673,0.054122606135799195,0.005439526582685846,0.0002877336,1.8040868711933064e-05,1.8131755275619487e-06,0.10691144708423325,0.10691144708423327,0.5827069608751105,0.0021336794960578245,poisson_cls,0.95,0,2.9957322735539904,1.171693737945732,1.171693737945732,55.350850364400216,1.608717114990928,False,2.0,0.09238353740916884,1.7069306895046596,0.049610233559763434,False,1.98596696938326e-05,0.0595790090814978,1.2898187437361481,1.2898187437361481,False,0.029064000000000003,0.09260000000000002,0.10691144708423325,0.009899999999999999
HerwigSignalPoints/c3d4_10k/events/HW-run_gg_4h_4_0.965926_0.0_var.smearCMS.root,4,0.965926,0.0,1007,122,0.904,0.00020849,0.06269990265972783,1.3072302705526655e-05,10000,0.003949142647339603,0.00047844627902227565,4.33164908125487e-05,2.5435780000000008e-06,1.5948209300742521e-07,1.4438830270849568e-08,0.1211519364448858,0.1211519364448858,0.6106240876257611,0.0021336794960578245,poisson_cls,0.95,0,2.9957322735539904,0.01035782548362975,0.01035782548362975,6261.376469842948,1.305434380197556,False,2.0,0.09238353740916884,193.09072190499285,0.04025748460997196,False,1.4718443320731408e-07,0.00044155329962194224,0.009559133845812645,0.009559133845812645,False,0.00020849,0.10070000000000003,0.1211519364448858,0.012200000000000003
HerwigSignalPoints/c3d4_10k/events/HW-run_gg_4h_4_1.0_-100.0_var.smearCMS.root,4,1.0,-100.0,956,75,0.904,0.079924,0.06269990265972783,0.0050112270201760865,10000,1.4372199093865015,0.11275260795396194,0.013019549710810456,0.00059943,3.758420265132065e-05,4.339849903603485e-06,0.0784518828451883,0.07845188284518828,0.5914620791019279,0.0021336794960578245,poisson_cls,0.95,0,2.9957322735539904,2.4409675385037057,2.4409675385037057,26.5690730167162,2.1235065917880256,False,2.0,0.09238353740916884,0.8193472336080243,0.06548550829888773,True,4.6217210381996154e-05,0.13865163114598847,3.0016523513685596,3.0016523513685596,False,0.079924,0.09559999999999999,0.0784518828451883,0.0075
HerwigSignalPoints/c3d4_10k/events/HW-run_gg_4h_4_1.0_-70.7107_var.smearCMS.root,4,1.0,-70.7107,942,83,0.904,0.041627,0.06269990265972783,0.0026100088480164904,10000,0.7375885004494601,0.06498922031561064,0.00713349367524995,0.00034550410000000015,2.1663073438536877e-05,2.3778312250833167e-06,0.08811040339702764,0.0881104033970276,0.5875113576254165,0.0021336794960578245,poisson_cls,0.95,0,2.9957322735539904,1.4069437507631228,1.4069437507631228,46.095833416767505,1.9188312576397808,False,2.0,0.09238353740916884,1.4215209377881703,0.05917365207730816,False,2.3469052273491896e-05,0.07040715682047569,1.524236001239934,1.524236001239934,False,0.041627,0.09419999999999999,0.08811040339702764,0.008300000000000004
HerwigSignalPoints/c3d4_10k/events/HW-run_gg_4h_4_1.0_0.0_var.smearCMS.root,4,1.0,0.0,934,106,0.904,0.000215034,0.06269990265972783,1.3482610868531913e-05,10000,0.0037778275653626405,0.00042874702561931477,4.164359245117683e-05,2.2793603999999992e-06,1.4291567520643825e-07,1.3881197483725609e-08,0.11349036402569596,0.11349036402569593,0.6104351829780301,0.0021336794960578245,poisson_cls,0.95,0,2.9957322735539904,0.009281892372672075,0.009281892372672075,6987.179139556076,1.5024810790953012,False,2.0,0.09238353740916884,215.47330217795223,0.046334086060533776,False,1.5100701285901157e-07,0.0004530210385770347,0.00980739753600458,0.00980739753600458,False,0.000215034,0.09339999999999996,0.11349036402569596,0.010599999999999997
HerwigSignalPoints/c3d4_10k/events/HW-run_gg_4h_4_1.0_100.0_var.smearCMS.root,4,1.0,100.0,965,111,0.904,0.06519599999999999,0.06269990265972783,0.004087782853803615,10000,1.1834131361761466,0.13612316903166047,0.012920239429356944,0.0007236756000000003,4.5374389677220155e-05,4.306746476452315e-06,0.11502590673575136,0.11502590673575129,0.5952868021267027,0.0021336794960578245,poisson_cls,0.95,0,2.9957322735539904,2.946913981627869,2.946913981627869,22.00751198245482,1.4348017512081241,False,2.0,0.09238353740916884,0.6786760701088412,0.044246965066816,True,4.3465688254298685e-05,0.13039706476289606,2.8229502445952988,2.8229502445952988,False,0.06519599999999999,0.0965,0.11502590673575136,0.011100000000000007
HerwigSignalPoints/c3d4_10k/events/HW-run_gg_4h_4_1.0_70.7107_var.smearCMS.root,4,1.0,70.7107,966,95,0.904,0.031149999999999997,0.06269990265972783,0.0019531019678505218,10000,0.5660089502830812,0.05566340608373988,0.0057109449645242165,0.000295925,1.8554468694579962e-05,1.903648321508072e-06,0.09834368530020707,0.09834368530020704,0.5939460815403873,0.0021336794960578245,poisson_cls,0.95,0,2.9957322735539904,1.2050503291989212,1.2050503291989212,53.81870216578588,1.67645257246423,False,2.0,0.09238353740916884,1.6596817174677971,0.051699085499121875,False,2.1523431716341367e-05,0.0645702951490241,1.397874490625765,1.397874490625765,False,0.031149999999999997,0.0966,0.09834368530020707,0.009500000000000001
HerwigSignalPoints/c3d4_10k/events/HW-run_gg_4h_4_15.0_0.0_var.smearCMS.root,4,15.0,0.0,814,83,0.904,3.5676,0.06269990265972783,0.223688172728845,10000,54.62465178038394,5.5698355009482405,0.61136887202589,0.02961108,0.0018566118336494136,0.00020378962400863,0.10196560196560198,0.10196560196560196,0.5601261627310612,0.0021336794960578245,poisson_cls,0.95,0,2.9957322735539904,120.58069342548141,120.58069342548141,0.5378493266172726,1.9188312576397817,True,2.0,0.09238353740916884,0.016586403205883,0.059173652077308195,True,0.0017648637058860842,5.2945911176582525,114.62196114462223,114.62196114462223,True,3.5676,0.08139999999999999,0.10196560196560198,0.0083
HerwigSignalPoints/c3d4_10k/events/HW-run_gg_4h_4_21.2132_-700.0_var.smearCMS.root,4,21.2132,-700.0,912,117,0.904,229.578,0.06269990265972783,14.394518252814995,10000,3938.3401939701835,505.24759067380637,46.710156281514095,2.6860626,0.16841586355793545,0.015570052093838032,0.1282894736842105,0.12828947368421054,0.6120986645794146,0.0021336794960578245,poisson_cls,0.95,0,2.9957322735539904,10938.04382995323,10938.04382995323,0.005929236138580756,1.361222174223093,True,2.0,0.09238353740916884,0.0001828480513602542,0.04197788993518444,True,0.1411440198004189,423.4320594012567,9166.829313449349,9166.829313449349,True,229.578,0.09120000000000002,0.1282894736842105,0.0117
HerwigSignalPoints/c3d4_10k/events/HW-run_gg_4h_4_21.2132_700.0_var.smearCMS.root,4,21.2132,700.0,870,83,0.904,618.1,0.06269990265972783,38.754809833977774,10000,10115.0053666682,964.9947648660468,105.92193625944684,5.130230000000001,0.3216649216220156,0.03530731208648228,0.09540229885057473,0.09540229885057472,0.5570664467381035,0.0021336794960578245,poisson_cls,0.95,0,2.9957322735539904,20891.054660357127,20891.054660357127,0.0031044026171166174,1.9188312576397812,True,2.0,0.09238353740916884,9.573475501910397e-05,0.05917365207730817,True,0.30686388038011275,920.5916411403383,19929.77681863418,19929.77681863418,True,618.1,0.08700000000000001,0.09540229885057473,0.008300000000000002
HerwigSignalPoints/c3d4_10k/events/HW-run_gg_4h_4_25.9808_0.0_var.smearCMS.root,4,25.9808,0.0,763,66,0.904,104.455,0.06269990265972783,6.54931833232187,10000,1499.1389662684755,129.676502979973,15.962074096790767,0.6894029999999999,0.04322550099332434,0.005320691365596922,0.08650065530799478,0.08650065530799476,0.5301247342577543,0.0021336794960578245,poisson_cls,0.95,0,2.9957322735539904,2807.350889923878,2807.350889923878,0.023101581278889404,2.413075672486393,True,2.0,0.09238353740916884,0.0007124153974404783,0.07441535033964516,True,0.03981119242826778,119.43357728480333,2585.6030334891648,2585.6030334891648,True,104.455,0.07629999999999997,0.08650065530799478,0.006599999999999999
HerwigSignalPoints/c3d4_10k/events/HW-run_gg_4h_4_30.0_-700.0_var.smearCMS.root,4,30.0,-700.0,991,123,0.904,215.97,0.06269990265972783,13.541297977421419,10000,4025.8278886873877,499.6738953668504,45.05407786882807,2.6564310000000004,0.16655796512228346,0.015018025956276023,0.124117053481332,0.124117053481332,0.6189078449879657,0.0021336794960578245,poisson_cls,0.95,0,2.9957322735539904,10817.379576055484,10817.379576055484,0.005995374786098411,1.2948210925536738,True,2.0,0.09238353740916884,0.00018488766026358597,0.039930187987126664,True,0.1759775105258104,527.9325315774312,11429.147365059333,11429.147365059333,True,215.97,0.09910000000000001,0.124117053481332,0.012300000000000002
HerwigSignalPoints/c3d4_10k/events/HW-run_gg_4h_4_30.0_0.0_var.smearCMS.root,4,30.0,0.0,776,51,0.904,252.64999999999998,0.06269990265972783,15.841130406980234,10000,3687.8151587449984,242.3692952267976,33.93848970859896,1.288515,0.0807897650755992,0.01131282990286632,0.06572164948453608,0.06572164948453608,0.5392906343799622,0.0021336794960578245,poisson_cls,0.95,0,2.9957322735539904,5247.023485436335,5247.023485436335,0.012360197155958751,3.1228038114529784,True,2.0,0.09238353740916884,0.0003811684863906575,0.09630221808659961,True,0.09274964176168421,278.2489252850526,6023.777246213936,6023.777246213936,True,252.64999999999998,0.0776,0.06572164948453608,0.0051
HerwigSignalPoints/c3d4_10k/events/HW-run_gg_4h_4_30.0_700.0_var.smearCMS.root,4,30.0,700.0,740,68,0.904,1844.3999999999999,0.06269990265972783,115.643700465602,10000,25672.90150336364,2359.131489498281,286.08671517418037,12.54192,0.7863771631660937,0.09536223839139346,0.09189189189189192,0.0918918918918919,0.5794336778728443,0.0021336794960578245,poisson_cls,0.95,0,2.9957322735539904,51072.55157484678,51072.55157484678,0.0012698454015342298,2.342102858589733,True,2.0,0.09238353740916884,3.9159978076854095e-05,0.0722266635649497,True,0.8510407297109585,2553.1221891328755,55272.23271014267,55272.23271014267,True,1844.3999999999999,0.07399999999999998,0.09189189189189192,0.0068000000000000005
